timestamp,symbol,label,trend_score,osc_score,vol_score,pa_score,total_score,rsi,price,change_24h,quote_vol_24h,reasons,htf_notes,vol_spike_factor
2025-11-22T18:28:10.182183,BTCUSDT,STRONG_BUY,3,5,2,1,11,53.651290096381466,84545.77,0.708,1549272711.5039608,"Trend: ADX=17.1 moderate, DI+>DI-; Trend: Price>EMA20>EMA50 alignment; Trend: MACD histogram positive; Trend: Momentum 261.76 & AO 373.6507 both bullish; Osc: RSI=53.7 in 45-65 healthy range (sustainable trend)",1h>EMA20 | 4h-slope=-1.6%,0.37
2025-11-22T18:28:10.183185,FDUSDUSDT,ULTRA_BUY,5,4,3,2,14,58.88110391715513,0.9969,0.0,167237819.371,"Trend: ADX=76.5 strong, DI+>DI-; Trend: Price reclaimed EMA20 support; Trend: MACD histogram positive & rising; Trend: Momentum 0.00 & AO 0.0000 both bullish; Osc: RSI=58.9 in 45-65 healthy range (sustainable trend)",1h>EMA20 | 4h-slope=-0.0%,1.55
2025-11-22T18:28:10.189821,ASTERUSDT,STRONG_BUY,4,4,2,1,11,55.65888660852061,1.18,-3.673,119891194.18243,"Trend: ADX=29.6 strong, DI+>DI-; Trend: Price reclaimed EMA20 support; Trend: MACD histogram positive; Trend: Momentum 0.01 & AO 0.0087 both bullish; Osc: RSI=55.7 in 45-65 healthy range (sustainable trend)",4h-slope=-1.6%,0.48
2025-11-22T18:28:10.192376,BCHUSDT,ULTRA_BUY,6,4,2,1,13,59.65850917134322,554.3,10.265,101455357.8243,"Trend: ADX=23.5 strong, DI+>DI-; Trend: Price>EMA20>EMA50 alignment; Trend: MACD histogram positive & rising; Trend: Momentum 15.30 & AO 4.8638 both bullish; Osc: RSI=59.7 in 45-65 healthy range (sustainable trend)",1h-stack | 4h-stack | 4h-slope=+4.2%,0.28
2025-11-22T18:28:10.194695,USDEUSDT,STRONG_BUY,3,3,3,1,10,61.2198711033161,0.9993,0.0,62443326.7138,Trend: Price>EMA20>EMA50 alignment; Trend: MACD histogram positive; Trend: Momentum 0.00 & AO 0.0000 both bullish; Trend: 1h EMA stack confirms uptrend; Osc: RSI=61.2 in 45-65 healthy range (sustainable trend),1h-stack | 4h-stack | 4h-slope=+0.0%,0.35
2025-11-22T18:28:10.195707,AVAXUSDT,STRONG_BUY,2,5,1,1,9,51.613112967929816,13.24,-0.226,45172502.267,Trend: Price reclaimed EMA20 support; Trend: MACD histogram positive; Trend: Momentum 0.05 & AO 0.0232 both bullish; Osc: RSI=51.6 in 45-65 healthy range (sustainable trend); Osc: StochK=76.5 above 50 (bullish range),4h-slope=-1.8%,0.53
2025-11-22T18:28:10.197702,LTCUSDT,STRONG_BUY,4,4,2,1,11,53.178951735310136,82.27,-0.339,39643142.00031,"Trend: ADX=21.5 strong, DI+>DI-; Trend: Price reclaimed EMA20 support; Trend: MACD histogram positive; Trend: Momentum 0.74 & AO 0.1623 both bullish; Osc: RSI=53.2 in 45-65 healthy range (sustainable trend)",4h-slope=-2.6%,0.5
2025-11-22T18:28:10.199705,TAOUSDT,STRONG_BUY,3,4,1,1,9,51.035049743655534,270.4,-3.429,26555386.62216,"Trend: ADX=14.8 moderate, DI+>DI-; Trend: Price reclaimed EMA20 support; Trend: MACD histogram positive; Trend: Momentum 2.40 & AO 1.3771 both bullish; Osc: RSI=51.0 in 45-65 healthy range (sustainable trend)",4h-slope=-4.2%,0.29
2025-11-22T18:28:10.202221,AAVEUSDT,ULTRA_BUY,3,5,4,1,13,54.30634485514504,158.57,1.569,21185198.90333,"Trend: ADX=17.2 moderate, DI+>DI-; Trend: Price>EMA20>EMA50 alignment; Trend: Momentum 0.53 & AO 1.0146 both bullish; Trend: 1h price above EMA20 (watching for alignment); Osc: RSI=54.3 in 45-65 healthy range (sustainable trend)",1h>EMA20 | 4h-slope=-1.7%,3.73
2025-11-22T18:28:10.204229,ALLOUSDT,STRONG_BUY,3,4,2,0,9,59.35915239969674,0.1664,-4.368,20562557.22256,Trend: Price reclaimed EMA20 support; Trend: MACD histogram positive & rising; Trend: Momentum 0.00 & AO 0.0027 both bullish; Trend: 1h price above EMA20 (watching for alignment); Osc: RSI=59.4 in 45-65 healthy range (sustainable trend),1h>EMA20 | 4h-slope=-4.3%,0.3
2025-11-22T18:28:53.692697,BTCUSDT,STRONG_BUY,3,5,2,1,11,54.13349313456424,84563.41,0.489,1547576275.288275,"Trend: ADX=17.1 moderate, DI+>DI-; Trend: Price>EMA20>EMA50 alignment; Trend: MACD histogram positive; Trend: Momentum 279.40 & AO 372.9982 both bullish; Osc: RSI=54.1 in 45-65 healthy range (sustainable trend)",1h>EMA20 | 4h-slope=-1.6%,0.38
2025-11-22T18:28:53.694701,SOLUSDT,STRONG_BUY,3,5,2,1,11,56.172648961135,127.86,-0.226,391366961.13559,"Trend: ADX=15.9 moderate, DI+>DI-; Trend: Price>EMA20>EMA50 alignment; Trend: MACD histogram positive; Trend: Momentum 0.73 & AO 0.9230 both bullish; Osc: RSI=56.2 in 45-65 healthy range (sustainable trend)",1h>EMA20 | 4h-slope=-1.8%,0.51
2025-11-22T18:28:53.695702,FDUSDUSDT,ULTRA_BUY,5,4,3,2,14,58.88110391715513,0.9968,-0.02,167219226.8061,"Trend: ADX=76.5 strong, DI+>DI-; Trend: Price reclaimed EMA20 support; Trend: MACD histogram positive & rising; Trend: Momentum 0.00 & AO 0.0000 both bullish; Osc: RSI=58.9 in 45-65 healthy range (sustainable trend)",1h>EMA20 | 4h-slope=-0.0%,1.61
2025-11-22T18:28:53.696701,DOGEUSDT,STRONG_BUY,3,5,2,1,11,55.93595719869612,0.13921,-0.165,163875540.94676,"Trend: ADX=15.0 moderate, DI+>DI-; Trend: Price>EMA20>EMA50 alignment; Trend: MACD histogram positive; Trend: Momentum 0.00 & AO 0.0011 both bullish; Osc: RSI=55.9 in 45-65 healthy range (sustainable trend)",1h>EMA20 | 4h-slope=-2.7%,0.25
2025-11-22T18:28:53.698931,MMTUSDT,STRONG_BUY,3,4,3,0,10,47.814639509043225,0.4134,7.21,162935857.36208,"Trend: ADX=16.2 moderate, DI+>DI-; Trend: MACD histogram positive; Trend: One of Momentum/AO turning positive; Trend: 1h EMA stack confirms uptrend; Osc: RSI=47.8 in 45-65 healthy range (sustainable trend)",1h-stack | 4h>EMA20 | 4h-slope=+16.7%,0.5
2025-11-22T18:28:53.699932,ASTERUSDT,STRONG_BUY,4,4,2,1,11,56.528328754597375,1.181,-3.749,119861780.8023,"Trend: ADX=29.6 strong, DI+>DI-; Trend: Price reclaimed EMA20 support; Trend: MACD histogram positive; Trend: Momentum 0.01 & AO 0.0087 both bullish; Osc: RSI=56.5 in 45-65 healthy range (sustainable trend)",4h-slope=-1.6%,0.49
2025-11-22T18:28:53.701958,BCHUSDT,ULTRA_BUY,6,4,2,1,13,58.86721789263528,554.5,10.195,101449331.213,"Trend: ADX=23.5 strong, DI+>DI-; Trend: Price>EMA20>EMA50 alignment; Trend: MACD histogram positive & rising; Trend: Momentum 14.50 & AO 4.8638 both bullish; Osc: RSI=58.9 in 45-65 healthy range (sustainable trend)",1h-stack | 4h-stack | 4h-slope=+4.2%,0.3
2025-11-22T18:28:53.702957,USDEUSDT,STRONG_BUY,3,4,2,1,10,50.531127466743456,0.9993,0.0,62443548.5596,Trend: Price>EMA20>EMA50 alignment; Trend: MACD histogram positive; Trend: One of Momentum/AO turning positive; Trend: 1h EMA stack confirms uptrend; Osc: RSI=50.5 in 45-65 healthy range (sustainable trend),1h-stack | 4h-stack | 4h-slope=+0.0%,0.35
2025-11-22T18:28:53.704959,ADAUSDT,STRONG_BUY,3,5,2,1,11,52.55600458109612,0.4009,-1.836,52022375.19408,"Trend: ADX=18.5 moderate, DI+>DI-; Trend: Price reclaimed EMA20 support; Trend: MACD histogram positive; Trend: Momentum 0.00 & AO 0.0019 both bullish; Osc: RSI=52.6 in 45-65 healthy range (sustainable trend)",4h-slope=-3.3%,0.36
2025-11-22T18:28:53.706957,AVAXUSDT,STRONG_BUY,2,5,1,1,9,51.613112967929816,13.24,-0.451,45122301.5923,Trend: Price reclaimed EMA20 support; Trend: MACD histogram positive; Trend: Momentum 0.05 & AO 0.0232 both bullish; Osc: RSI=51.6 in 45-65 healthy range (sustainable trend); Osc: StochK=76.5 above 50 (bullish range),4h-slope=-1.8%,0.55
2025-11-22T18:28:53.707976,LTCUSDT,STRONG_BUY,4,4,2,1,11,53.79936191198659,82.3,-0.423,39647237.86867,"Trend: ADX=21.5 strong, DI+>DI-; Trend: Price reclaimed EMA20 support; Trend: MACD histogram positive; Trend: Momentum 0.79 & AO 0.1623 both bullish; Osc: RSI=53.8 in 45-65 healthy range (sustainable trend)",4h-slope=-2.6%,0.59
2025-11-22T18:28:53.708959,WIFUSDT,STRONG_BUY,3,4,3,1,11,53.694203267102694,0.327,-0.909,37151865.98839,"Trend: ADX=16.0 moderate, DI+>DI-; Trend: Price>EMA20>EMA50 alignment; Trend: Momentum 0.00 & AO 0.0022 both bullish; Trend: 1h price above EMA20 (watching for alignment); Osc: RSI=53.7 in 45-65 healthy range (sustainable trend)",1h>EMA20 | 4h-slope=-5.3%,0.36
2025-11-22T18:28:53.710955,TAOUSDT,STRONG_BUY,3,4,1,1,9,51.399935870525276,270.4,-3.601,26472511.41961,"Trend: ADX=14.8 moderate, DI+>DI-; Trend: Price reclaimed EMA20 support; Trend: MACD histogram positive; Trend: Momentum 2.50 & AO 1.3771 both bullish; Osc: RSI=51.4 in 45-65 healthy range (sustainable trend)",4h-slope=-4.2%,0.3
2025-11-22T18:28:53.712074,AAVEUSDT,ULTRA_BUY,3,5,4,1,13,55.996948468739724,158.79,1.606,21191457.77276,"Trend: ADX=17.2 moderate, DI+>DI-; Trend: Price>EMA20>EMA50 alignment; Trend: MACD histogram positive; Trend: Momentum 0.79 & AO 1.0308 both bullish; Osc: RSI=56.0 in 45-65 healthy range (sustainable trend)",1h>EMA20 | 4h-slope=-1.7%,3.86
2025-11-22T18:28:53.713081,ALLOUSDT,STRONG_BUY,3,4,2,0,9,59.35915239969674,0.1666,-4.363,20559407.43553,Trend: Price reclaimed EMA20 support; Trend: MACD histogram positive & rising; Trend: Momentum 0.00 & AO 0.0027 both bullish; Trend: 1h price above EMA20 (watching for alignment); Osc: RSI=59.4 in 45-65 healthy range (sustainable trend),1h>EMA20 | 4h-slope=-4.3%,0.3
2025-11-22T18:28:53.715074,0GUSDT,STRONG_BUY,3,2,3,0,8,53.60571524688485,1.312,11.85,18995276.22882,"Trend: ADX=41.8 strong, DI+>DI-; Trend: One of Momentum/AO turning positive; Trend: 1h EMA stack confirms uptrend; Trend: 4h price reclaimed EMA20 support; Osc: RSI=53.6 in 45-65 healthy range (sustainable trend)",1h-stack | 4h>EMA20 | 4h-slope=+2.9%,0.23
2025-11-22T18:28:53.716075,ARBUSDT,STRONG_BUY,2,5,1,3,11,50.31405171073024,0.1987,-2.693,17578373.2067,Trend: Price reclaimed EMA20 support; Trend: MACD histogram positive; Trend: Momentum 0.00 & AO 0.0005 both bullish; Osc: RSI=50.3 in 45-65 healthy range (sustainable trend); Osc: StochK=58.5 above 50 (bullish range),4h-slope=-3.5%,0.58
2025-11-22T18:28:53.718075,OPUSDT,STRONG_BUY,3,3,1,1,8,50.83820776650492,0.3001,-4.121,14756953.069411,Trend: Price reclaimed EMA20 support; Trend: MACD histogram positive & rising; Trend: Momentum 0.00 & AO 0.0001 both bullish; Osc: RSI=50.8 in 45-65 healthy range (sustainable trend); Osc: StochK=48.8 mid-range consolidation,4h-slope=-5.8%,0.93
2025-11-22T18:30:03.969717,WLFIUSDT,STRONG_BUY,5,3,0,2,10,67.71183484152932,0.1524,10.036,50943972.46278,"Trend: ADX=23.1 strong, DI+>DI-; Trend: Price>EMA20>EMA50 alignment; Trend: MACD histogram positive; Trend: Momentum 0.01 & AO 0.0065 both bullish; Osc: CCI=100.0 strong bullish momentum",1h-stack | 4h>EMA20 | 4h-slope=+3.4%,0.71
2025-11-22T18:30:03.971244,EURUSDT,STRONG_BUY,4,3,2,1,10,72.72878985288494,1.1521,0.061,12077669.61765,"Trend: ADX=21.8 strong, DI+>DI-; Trend: Price>EMA20>EMA50 alignment; Trend: MACD histogram positive; Trend: Momentum 0.00 & AO 0.0009 both bullish; Osc: CCI=123.6 strong bullish momentum",1h>EMA20 | 4h-slope=-0.1%,
2025-11-22T18:30:03.975244,MOVEUSDT,STRONG_BUY,5,1,2,0,8,53.54409487176217,0.0516,6.832,9748342.39218,"Trend: ADX=41.2 strong, DI+>DI-; Trend: Price>EMA20>EMA50 alignment; Trend: Momentum 0.00 & AO 0.0011 both bullish; Trend: 1h EMA stack confirms uptrend; Osc: RSI=53.5 in 45-65 healthy range (sustainable trend)",1h-stack | 4h>EMA20 | 4h-slope=-0.5%,
2025-11-22T18:30:03.978248,POLUSDT,STRONG_BUY,4,4,2,1,11,57.916051771119534,0.133,-0.375,8958877.5919,"Trend: ADX=16.0 moderate, DI+>DI-; Trend: Price>EMA20>EMA50 alignment; Trend: MACD histogram positive & rising; Trend: Momentum 0.00 & AO 0.0009 both bullish; Osc: RSI=57.9 in 45-65 healthy range (sustainable trend)",1h>EMA20 | 4h-slope=-2.4%,
2025-11-22T18:31:14.941037,USDCUSDT,STRONG_BUY,2,4,1,1,8,52.29331452101826,1.0003,-0.02,932841578.0742,Trend: Price reclaimed EMA20 support; Trend: MACD histogram positive & rising; Trend: One of Momentum/AO turning positive; Osc: RSI=52.3 in 45-65 healthy range (sustainable trend); Osc: CCI=60.6 above zero,4h-slope=-0.0%,0.09
2025-11-22T18:31:14.943433,ETHUSDT,ULTRA_BUY,4,5,2,1,12,55.24500847309506,2751.07,-0.042,931596505.15573,"Trend: ADX=20.3 strong, DI+>DI-; Trend: Price>EMA20>EMA50 alignment; Trend: MACD histogram positive; Trend: Momentum 1.47 & AO 14.7892 both bullish; Osc: RSI=55.2 in 45-65 healthy range (sustainable trend)",1h>EMA20 | 4h-slope=-2.0%,0.03
2025-11-22T18:31:14.944434,BNBUSDT,STRONG_BUY,2,4,2,1,9,57.16590280960346,829.85,0.804,165879754.85473,Trend: Price>EMA20>EMA50 alignment; Trend: MACD histogram positive; Trend: Momentum 1.87 & AO 4.7262 both bullish; Trend: 1h price above EMA20 (watching for alignment); Osc: RSI=57.2 in 45-65 healthy range (sustainable trend),1h>EMA20 | 4h-slope=-1.9%,0.03
2025-11-22T18:31:14.946433,SUIUSDT,STRONG_BUY,2,5,2,1,10,51.317719644667406,1.3387,-3.091,69152128.8525,Trend: Price reclaimed EMA20 support; Trend: MACD histogram positive & rising; Trend: One of Momentum/AO turning positive; Osc: RSI=51.3 in 45-65 healthy range (sustainable trend); Osc: StochK=79.4 above 50 (bullish range),4h-slope=-4.3%,0.02
2025-11-22T18:31:14.950665,BFUSDUSDT,STRONG_BUY,2,4,2,1,9,50.92958652184226,1.0,0.01,36243560.9961,Trend: Price reclaimed EMA20 support; Trend: MACD histogram positive & rising; Trend: One of Momentum/AO turning positive; Trend: 4h price reclaimed EMA20 support; Osc: RSI=50.9 in 45-65 healthy range (sustainable trend),4h>EMA20 | 4h-slope=-0.0%,0.0
2025-11-22T18:31:14.952670,KITEUSDT,STRONG_BUY,3,4,2,0,9,52.56822883998772,0.1027,4.37,32358436.76797,"Trend: ADX=15.2 moderate, DI+>DI-; Trend: Price reclaimed EMA20 support; Trend: MACD histogram positive; Trend: One of Momentum/AO turning positive; Osc: RSI=52.6 in 45-65 healthy range (sustainable trend)",1h-stack | 4h-stack | 4h-slope=+5.2%,0.01
2025-11-22T18:31:14.954670,VIRTUALUSDT,STRONG_BUY,2,5,3,2,12,50.20090899292054,0.8793,-4.507,15117596.94968,Trend: Price reclaimed EMA20 support; Trend: MACD histogram positive; Trend: Momentum 0.00 & AO 0.0019 both bullish; Osc: RSI=50.2 in 45-65 healthy range (sustainable trend); Osc: StochK=64.5 above 50 (bullish range),4h-slope=-5.0%,0.07
2025-11-22T18:31:14.956673,TIAUSDT,STRONG_BUY,2,4,2,2,10,49.27678220350247,0.622,-7.164,8365637.07977,Trend: Price reclaimed EMA20 support; Trend: MACD histogram positive & rising; Osc: RSI=49.3 in 45-65 healthy range (sustainable trend); Osc: StochK=50.0 above 50 (bullish range); Osc: StochRSI=78.3 rising from lower band,4h-slope=-5.2%,0.0
2025-11-22T18:31:14.958023,LDOUSDT,STRONG_BUY,2,5,2,1,10,54.472530868690924,0.6183,0.292,7736476.763147,Trend: Price>EMA20>EMA50 alignment; Trend: Momentum 0.00 & AO 0.0037 both bullish; Trend: 1h price above EMA20 (watching for alignment); Osc: RSI=54.5 in 45-65 healthy range (sustainable trend); Osc: StochK=71.0 above 50 (bullish range),1h>EMA20 | 4h-slope=-3.4%,0.02
2025-11-22T18:32:25.214184,WBETHUSDT,STRONG_BUY,2,5,1,1,9,51.49143187478446,2974.24,-0.53,9363509.926388,"Trend: ADX=19.9 moderate, DI+>DI-; Trend: Price>EMA20>EMA50 alignment; Trend: One of Momentum/AO turning positive; Trend: 1h price above EMA20 (watching for alignment); Osc: RSI=51.5 in 45-65 healthy range (sustainable trend)",1h>EMA20 | 4h-slope=-2.0%,0.26
2025-11-22T18:32:25.216184,ERAUSDT,STRONG_BUY,3,5,2,1,11,57.95750597564579,0.264,1.891,7296660.52635,Trend: Price>EMA20>EMA50 alignment; Trend: MACD histogram positive; Trend: Momentum 0.01 & AO 0.0097 both bullish; Trend: 1h EMA stack confirms uptrend; Osc: RSI=58.0 in 45-65 healthy range (sustainable trend),1h-stack | 4h-stack | 4h-slope=+1.2%,0.08
2025-11-22T18:32:25.218184,AVNTUSDT,STRONG_BUY,2,4,3,1,10,49.1780580230178,0.3913,-6.966,7253610.47073,"Trend: ADX=18.8 moderate, DI+>DI-; Trend: MACD histogram positive; Trend: Momentum 0.00 & AO 0.0022 both bullish; Osc: RSI=49.2 in 45-65 healthy range (sustainable trend); Osc: StochK=60.8 above 50 (bullish range)",4h-slope=-1.6%,0.05
2025-11-22T18:32:25.219184,RESOLVUSDT,ULTRA_BUY,5,4,2,1,12,56.66038518810183,0.1255,0.4,6904686.31566,"Trend: ADX=22.3 strong, DI+>DI-; Trend: Price reclaimed EMA20 support; Trend: MACD histogram positive & rising; Trend: Momentum 0.00 & AO 0.0006 both bullish; Osc: RSI=56.7 in 45-65 healthy range (sustainable trend)",1h>EMA20 | 4h-slope=-2.6%,0.08
2025-11-22T18:33:35.406839,EIGENUSDT,STRONG_BUY,3,5,3,1,12,50.09491622047402,0.56,-5.085,5730020.06279,"Trend: ADX=20.0 moderate, DI+>DI-; Trend: Price reclaimed EMA20 support; Trend: MACD histogram positive; Trend: Momentum 0.00 & AO 0.0006 both bullish; Osc: RSI=50.1 in 45-65 healthy range (sustainable trend)",4h-slope=-3.8%,0.38
2025-11-22T18:35:56.041035,GIGGLEUSDT,STRONG_BUY,2,4,1,3,10,51.04597107626146,99.86,-7.665,25901800.76361,Trend: Price reclaimed EMA20 support; Trend: MACD histogram positive & rising; Trend: One of Momentum/AO turning positive; Osc: RSI=51.0 in 45-65 healthy range (sustainable trend); Osc: CCI=60.7 above zero,4h-slope=-6.3%,0.94
2025-11-22T18:35:56.042040,MAVUSDT,STRONG_BUY,5,4,2,0,11,56.3528532342008,0.0302,18.478,15236119.00144,"Trend: ADX=25.1 strong, DI+>DI-; Trend: Price>EMA20>EMA50 alignment; Trend: MACD histogram positive; Trend: Momentum 0.00 & AO 0.0044 both bullish; Osc: RSI=56.4 in 45-65 healthy range (sustainable trend)",1h-stack | 4h>EMA20 | 4h-slope=+0.7%,0.38
2025-11-22T18:38:17.429033,ENAUSDT,STRONG_BUY,2,5,1,1,9,51.595057994256166,0.2322,-4.484,23786809.064645,Trend: Price>EMA20>EMA50 alignment; Trend: MACD histogram positive; Trend: Momentum 0.00 & AO 0.0026 both bullish; Osc: RSI=51.6 in 45-65 healthy range (sustainable trend); Osc: StochK=68.1 above 50 (bullish range),4h-slope=-3.4%,0.3
2025-11-22T18:40:36.895268,RENDERUSDT,STRONG_BUY,2,5,3,1,11,51.4612237416897,1.673,-2.902,5411488.88563,Trend: Price reclaimed EMA20 support; Trend: MACD histogram positive; Trend: Momentum 0.00 & AO 0.0028 both bullish; Osc: RSI=51.5 in 45-65 healthy range (sustainable trend); Osc: StochK=73.7 above 50 (bullish range),4h-slope=-4.4%,0.36
2025-11-22T18:42:57.987798,TONUSDT,ULTRA_BUY,3,4,4,2,13,53.81269945646439,1.515,-1.11,9630990.95201,Trend: Price>EMA20>EMA50 alignment; Trend: MACD histogram positive & rising; Trend: One of Momentum/AO turning positive; Trend: 1h price above EMA20 (watching for alignment); Osc: RSI=53.8 in 45-65 healthy range (sustainable trend),1h>EMA20 | 4h-slope=-2.9%,2.01
2025-11-22T18:45:16.183976,DASHUSDT,STRONG_BUY,3,3,2,0,8,56.7416361029545,57.5,-9.945,43322471.93895,"Trend: ADX=20.9 strong, DI+>DI-; Trend: Price>EMA20>EMA50 alignment; Trend: One of Momentum/AO turning positive; Osc: RSI=56.7 in 45-65 healthy range (sustainable trend); Osc: StochK=51.3 above 50 (bullish range)",4h-slope=-8.3%,0.0
2025-11-22T18:45:16.184972,CAKEUSDT,ULTRA_BUY,4,5,2,1,12,63.79371912874001,2.202,6.018,19753191.63983,"Trend: ADX=32.2 strong, DI+>DI-; Trend: Price>EMA20>EMA50 alignment; Trend: Momentum 0.00 & AO 0.0635 both bullish; Trend: 1h price above EMA20 (watching for alignment); Osc: RSI=63.8 in 45-65 healthy range (sustainable trend)",1h>EMA20 | 4h>EMA20 | 4h-slope=-1.3%,0.0
2025-11-22T18:45:16.185982,ICPUSDT,STRONG_BUY,2,4,1,1,8,46.20073276989166,4.091,-7.17,27222941.99306,Trend: MACD histogram positive & rising; Trend: One of Momentum/AO turning positive; Osc: RSI=46.2 in 45-65 healthy range (sustainable trend); Osc: StochK=50.7 above 50 (bullish range); Osc: StochRSI=53.2 rising from lower band,4h-slope=-4.7%,0.0
2025-11-22T18:47:34.477384,XLMUSDT,STRONG_BUY,2,5,1,3,11,51.55363860867341,0.2293,-1.925,8631478.2832,Trend: Price reclaimed EMA20 support; Trend: MACD histogram positive; Trend: Momentum 0.00 & AO 0.0001 both bullish; Osc: RSI=51.6 in 45-65 healthy range (sustainable trend); Osc: StochK=68.8 above 50 (bullish range),4h-slope=-1.6%,0.08
2025-11-22T18:47:34.480378,FETUSDT,STRONG_BUY,2,4,1,1,8,51.88678254975454,0.2717,-5.791,23381065.8544,Trend: Price reclaimed EMA20 support; Trend: MACD histogram positive & rising; Trend: One of Momentum/AO turning positive; Osc: RSI=51.9 in 45-65 healthy range (sustainable trend); Osc: CCI=57.1 above zero,4h-slope=-2.8%,0.12
2025-11-22T18:47:34.482889,NMRUSDT,STRONG_BUY,3,2,1,2,8,52.18441586000591,11.25,-1.918,5487085.8047,"Trend: ADX=25.8 strong, DI+>DI-; Trend: Price>EMA20>EMA50 alignment; Trend: One of Momentum/AO turning positive; Trend: 1h price above EMA20 (watching for alignment); Osc: RSI=52.2 in 45-65 healthy range (sustainable trend)",1h>EMA20 | 4h-slope=-1.1%,0.08
2025-11-22T18:48:44.849857,XRPUSDT,STRONG_BUY,3,3,1,3,10,51.56273375165927,1.9294,-2.683,234956104.85056,"Trend: ADX=21.1 strong, DI+>DI-; Trend: Price>EMA20>EMA50 alignment; Trend: One of Momentum/AO turning positive; Osc: RSI=51.6 in 45-65 healthy range (sustainable trend); Osc: StochK=28.4 mid-range consolidation",4h-slope=-2.0%,0.09
2025-11-22T18:48:44.850855,ETCUSDT,STRONG_BUY,2,5,1,2,10,52.39646523844277,13.47,-1.174,9852129.6661,Trend: Price>EMA20>EMA50 alignment; Trend: Momentum 0.01 & AO 0.0085 both bullish; Trend: 1h price above EMA20 (watching for alignment); Osc: RSI=52.4 in 45-65 healthy range (sustainable trend); Osc: StochK=72.0 above 50 (bullish range),1h>EMA20 | 4h-slope=-1.0%,0.2
2025-11-22T18:48:44.851854,SYRUPUSDT,STRONG_BUY,3,1,1,3,8,52.35251677572657,0.2953,1.026,7133056.98,"Trend: ADX=23.8 strong, DI+>DI-; Trend: Price>EMA20>EMA50 alignment; Trend: One of Momentum/AO turning positive; Trend: 1h price above EMA20 (watching for alignment); Osc: RSI=52.4 in 45-65 healthy range (sustainable trend)",1h>EMA20 | 4h-slope=-4.8%,0.05
2025-11-22T18:49:54.229911,PAXGUSDT,STRONG_BUY,2,5,1,2,10,52.9171821562804,4060.41,-0.513,21496300.552813,Trend: Price reclaimed EMA20 support; Trend: MACD histogram positive & rising; Osc: RSI=52.9 in 45-65 healthy range (sustainable trend); Osc: StochK=57.5 above 50 (bullish range); Osc: CCI=29.0 above zero,4h-slope=-0.0%,0.16
2025-11-22T18:49:54.230912,INJUSDT,STRONG_BUY,2,4,1,2,9,54.01775297069204,5.44,-3.375,7000551.8727,"Trend: ADX=15.4 moderate, DI+>DI-; Trend: Price>EMA20>EMA50 alignment; Trend: One of Momentum/AO turning positive; Trend: 1h price above EMA20 (watching for alignment); Osc: RSI=54.0 in 45-65 healthy range (sustainable trend)",1h>EMA20 | 4h-slope=-4.3%,0.08
2025-11-22T18:49:54.234692,TRUMPUSDT,STRONG_BUY,2,4,1,1,8,53.583070182032216,6.294,-1.053,17319362.854751,Trend: Price reclaimed EMA20 support; Trend: MACD histogram positive & rising; Osc: RSI=53.6 in 45-65 healthy range (sustainable trend); Osc: CCI=68.3 above zero; Osc: StochRSI=100.0 staying strong above 80,4h-slope=-1.9%,0.65
2025-11-22T18:49:54.236977,SOMIUSDT,STRONG_BUY,2,4,3,2,11,50.36185300257218,0.2652,-2.464,6759193.89095,"Trend: ADX=14.3 moderate, DI+>DI-; Trend: Price reclaimed EMA20 support; Trend: Momentum 0.00 & AO 0.0004 both bullish; Osc: RSI=50.4 in 45-65 healthy range (sustainable trend); Osc: StochK=45.5 mid-range consolidation",4h-slope=-1.2%,0.08
2025-11-22T18:49:54.240281,SKYUSDT,STRONG_BUY,2,4,1,2,9,49.280789942672065,0.04191,-9.716,5387328.40602,Trend: Price reclaimed EMA20 support; Trend: MACD histogram positive; Trend: Momentum 0.00 & AO 0.0001 both bullish; Osc: RSI=49.3 in 45-65 healthy range (sustainable trend); Osc: StochK=59.7 above 50 (bullish range),4h-slope=-4.3%,0.15
2025-11-22T18:53:14.402493,NEARUSDT,STRONG_BUY,2,4,1,3,10,49.01719490507093,1.818,-4.366,35900346.6479,Trend: Price reclaimed EMA20 support; Trend: MACD histogram positive & rising; Osc: RSI=49.0 in 45-65 healthy range (sustainable trend); Osc: StochK=58.3 above 50 (bullish range); Osc: StochRSI=71.3 rising from lower band,4h-slope=-5.1%,0.47
2025-11-22T18:54:21.202945,USD1USDT,STRONG_BUY,2,4,1,1,8,49.18326215173356,0.9995,-0.04,7669730.7941,Trend: Price reclaimed EMA20 support; Trend: MACD histogram positive & rising; Trend: One of Momentum/AO turning positive; Osc: RSI=49.2 in 45-65 healthy range (sustainable trend); Osc: StochK=50.0 above 50 (bullish range),4h-slope=-0.0%,0.01
2025-11-22T18:59:54.740136,BATUSDT,STRONG_BUY,5,5,0,2,12,62.715425322480804,0.1944,9.03,7422579.3639,"Trend: ADX=23.4 strong, DI+>DI-; Trend: Price>EMA20>EMA50 alignment; Trend: Momentum 0.00 & AO 0.0049 both bullish; Trend: 1h EMA stack confirms uptrend; Osc: RSI=62.7 in 45-65 healthy range (sustainable trend)",1h-stack | 4h>EMA20 | 4h-slope=+2.7%,0.68
2025-11-22T19:01:02.238631,SEIUSDT,STRONG_BUY,3,5,2,1,11,51.886689801308535,0.1309,-3.679,11076866.71751,"Trend: ADX=14.1 moderate, DI+>DI-; Trend: Price reclaimed EMA20 support; Trend: MACD histogram positive & rising; Osc: RSI=51.9 in 45-65 healthy range (sustainable trend); Osc: StochK=67.9 above 50 (bullish range)",4h-slope=-3.1%,0.01
2025-11-22T19:01:02.239826,MITOUSDT,STRONG_BUY,2,3,3,2,10,51.16847700988914,0.08438,0.249,6121773.229486,Trend: Price reclaimed EMA20 support; Trend: One of Momentum/AO turning positive; Trend: 1h EMA stack confirms uptrend; Trend: 4h EMA stack aligned with bulls; Osc: RSI=51.2 in 45-65 healthy range (sustainable trend),1h-stack | 4h-stack | 4h-slope=+2.4%,0.01
2025-11-22T19:02:08.629417,XUSDUSDT,STRONG_BUY,3,4,0,2,9,52.83385852542251,1.0005,-0.02,6619159.0656,"Trend: ADX=48.7 strong, DI+>DI-; Trend: Price reclaimed EMA20 support; Trend: MACD histogram positive; Osc: RSI=52.8 in 45-65 healthy range (sustainable trend); Osc: CCI=95.2 above zero",4h-slope=-0.0%,0.02
2025-11-22T19:05:28.956236,DOTUSDT,STRONG_BUY,2,5,1,1,9,49.97558518279673,2.297,-4.728,14524396.75406,Trend: Price reclaimed EMA20 support; Trend: MACD histogram positive & rising; Osc: RSI=50.0 in 45-65 healthy range (sustainable trend); Osc: StochK=52.5 above 50 (bullish range); Osc: CCI=11.9 above zero,4h-slope=-3.9%,0.29
2025-11-22T19:06:34.967770,FFUSDT,STRONG_BUY,2,3,1,3,9,54.23074373577034,0.12711,3.258,8295817.756903,"Trend: ADX=18.7 moderate, DI+>DI-; Trend: Price>EMA20>EMA50 alignment; Trend: 1h price above EMA20 (watching for alignment); Osc: RSI=54.2 in 45-65 healthy range (sustainable trend); Osc: StochK=53.3 above 50 (bullish range)",1h>EMA20 | 4h-slope=-1.9%,0.64
2025-11-22T19:07:42.297537,XPLUSDT,STRONG_BUY,2,4,1,1,8,50.596040179931016,0.201,-7.159,30658128.50204,Trend: Price reclaimed EMA20 support; Trend: MACD histogram positive & rising; Osc: RSI=50.6 in 45-65 healthy range (sustainable trend); Osc: StochK=45.7 mid-range consolidation; Osc: CCI=7.4 above zero,4h-slope=-4.4%,0.34
2025-11-22T19:08:48.277794,FILUSDT,STRONG_BUY,2,4,1,1,8,49.90123264870949,1.609,-4.226,16698819.09349,Trend: Price reclaimed EMA20 support; Trend: MACD histogram positive & rising; Osc: RSI=49.9 in 45-65 healthy range (sustainable trend); Osc: StochK=50.0 above 50 (bullish range); Osc: StochRSI=88.5 staying strong above 80,4h-slope=-3.8%,0.21
2025-11-22T19:09:54.232595,UNIUSDT,STRONG_BUY,2,4,1,3,10,48.557754107941854,6.08,-5.502,33469851.19047,Trend: Price reclaimed EMA20 support; Trend: MACD histogram positive & rising; Osc: RSI=48.6 in 45-65 healthy range (sustainable trend); Osc: StochK=52.7 above 50 (bullish range); Osc: StochRSI=70.8 rising from lower band,4h-slope=-3.5%,0.3
2025-11-22T19:13:12.184394,WBTCUSDT,STRONG_BUY,2,5,2,1,10,56.55599231085886,84520.11,0.222,13253658.7573343,"Trend: ADX=16.0 moderate, DI+>DI-; Trend: Price>EMA20>EMA50 alignment; Trend: One of Momentum/AO turning positive; Trend: 1h price above EMA20 (watching for alignment); Osc: RSI=56.6 in 45-65 healthy range (sustainable trend)",1h>EMA20 | 4h-slope=-1.6%,0.7
2025-11-22T19:15:23.608567,HBARUSDT,STRONG_BUY,3,4,2,1,10,58.46997153940527,0.13039,-1.496,22883036.22553,"Trend: ADX=14.9 moderate, DI+>DI-; Trend: Price>EMA20>EMA50 alignment; Trend: MACD histogram positive; Trend: Momentum 0.00 & AO 0.0013 both bullish; Osc: RSI=58.5 in 45-65 healthy range (sustainable trend)",1h>EMA20 | 4h-slope=-2.6%,0.0
2025-11-22T19:15:23.611670,ZBTUSDT,STRONG_BUY,2,4,2,0,8,50.10113562904023,0.1184,-2.951,12067441.48985,Trend: Price reclaimed EMA20 support; Trend: MACD histogram positive & rising; Trend: One of Momentum/AO turning positive; Osc: RSI=50.1 in 45-65 healthy range (sustainable trend); Osc: CCI=123.9 strong bullish momentum,4h-slope=+0.8%,0.0
2025-11-22T19:29:28.961231,BTCUSDT,STRONG_BUY,2,4,2,1,9,54.40002582366032,84610.06,-0.371,1444705313.1163979,"Trend: ADX=15.7 moderate, DI+>DI-; Trend: Price>EMA20>EMA50 alignment; Trend: One of Momentum/AO turning positive; Trend: 1h price above EMA20 (watching for alignment); Osc: RSI=54.4 in 45-65 healthy range (sustainable trend)",1h>EMA20 | 4h-slope=-1.6%,0.28
2025-11-22T19:29:28.962227,ADAUSDT,STRONG_BUY,2,4,2,1,9,52.32408318780572,0.4015,-2.949,47769296.14091,"Trend: ADX=15.1 moderate, DI+>DI-; Trend: Price reclaimed EMA20 support; Trend: MACD histogram positive; Trend: One of Momentum/AO turning positive; Osc: RSI=52.3 in 45-65 healthy range (sustainable trend)",4h-slope=-3.3%,0.57
2025-11-22T19:29:28.964229,DOGEUSDT,STRONG_BUY,3,5,2,1,11,55.38163583426289,0.13938,-1.477,156705214.97473,"Trend: ADX=14.6 moderate, DI+>DI-; Trend: Price>EMA20>EMA50 alignment; Trend: MACD histogram positive; Trend: One of Momentum/AO turning positive; Osc: RSI=55.4 in 45-65 healthy range (sustainable trend)",1h>EMA20 | 4h-slope=-2.7%,0.21
2025-11-22T19:29:28.966228,BCHUSDT,STRONG_BUY,5,3,2,1,11,65.56972242760865,561.3,8.969,101917169.1044,"Trend: ADX=19.6 moderate, DI+>DI-; Trend: Price>EMA20>EMA50 alignment; Trend: MACD histogram positive & rising; Trend: Momentum 10.60 & AO 7.7018 both bullish; Osc: CCI=156.8 strong bullish momentum",1h-stack | 4h-stack | 4h-slope=+4.3%,0.42
2025-11-22T19:29:28.968761,AAVEUSDT,STRONG_BUY,3,5,2,1,11,54.99743008928997,159.1,0.62,20756918.24575,"Trend: ADX=15.5 moderate, DI+>DI-; Trend: Price>EMA20>EMA50 alignment; Trend: MACD histogram positive; Trend: Momentum 0.42 & AO 1.5611 both bullish; Osc: RSI=55.0 in 45-65 healthy range (sustainable trend)",1h>EMA20 | 4h-slope=-1.7%,0.56
2025-11-22T19:29:28.970761,FDUSDUSDT,STRONG_BUY,3,5,2,2,12,49.238281631123456,0.9968,-0.01,161914786.9614,"Trend: ADX=80.1 strong, DI+>DI-; Trend: MACD histogram positive; Trend: One of Momentum/AO turning positive; Osc: RSI=49.2 in 45-65 healthy range (sustainable trend); Osc: StochK=50.0 above 50 (bullish range)",4h-slope=-0.0%,1.96
2025-11-22T19:29:28.971764,WIFUSDT,STRONG_BUY,2,5,2,1,10,55.39757069913751,0.328,-1.796,34383450.35981,"Trend: ADX=15.9 moderate, DI+>DI-; Trend: Price>EMA20>EMA50 alignment; Trend: One of Momentum/AO turning positive; Trend: 1h price above EMA20 (watching for alignment); Osc: RSI=55.4 in 45-65 healthy range (sustainable trend)",1h>EMA20 | 4h-slope=-5.2%,0.4
2025-11-22T19:30:35.368380,EURUSDT,STRONG_BUY,3,3,2,1,9,68.12332529480344,1.1521,0.061,11515124.4326,"Trend: ADX=19.3 moderate, DI+>DI-; Trend: Price>EMA20>EMA50 alignment; Trend: MACD histogram positive; Trend: Momentum 0.00 & AO 0.0009 both bullish; Osc: CCI=78.4 above zero",1h>EMA20 | 4h-slope=-0.1%,0.01
2025-11-22T19:30:35.370425,MOVEUSDT,STRONG_BUY,5,4,2,0,11,57.9884250562757,0.0526,7.128,9882654.40289,"Trend: ADX=51.5 strong, DI+>DI-; Trend: Price>EMA20>EMA50 alignment; Trend: Momentum 0.00 & AO 0.0009 both bullish; Trend: 1h EMA stack confirms uptrend; Osc: RSI=58.0 in 45-65 healthy range (sustainable trend)",1h-stack | 4h>EMA20 | 4h-slope=-0.3%,0.0
2025-11-22T19:30:35.372556,WLFIUSDT,STRONG_BUY,5,3,2,1,11,70.90127337640354,0.1549,9.161,52643673.71347,"Trend: ADX=31.7 strong, DI+>DI-; Trend: Price>EMA20>EMA50 alignment; Trend: MACD histogram positive; Trend: Momentum 0.00 & AO 0.0077 both bullish; Osc: CCI=119.1 strong bullish momentum",1h-stack | 4h-stack | 4h-slope=+3.5%,0.05
2025-11-22T19:31:45.540927,BNBUSDT,STRONG_BUY,2,5,2,1,10,60.83289961979662,832.37,0.565,159946907.66525,Trend: Price>EMA20>EMA50 alignment; Trend: MACD histogram positive; Trend: Momentum 4.78 & AO 5.7560 both bullish; Trend: 1h price above EMA20 (watching for alignment); Osc: RSI=60.8 in 45-65 healthy range (sustainable trend),1h>EMA20 | 4h-slope=-1.8%,0.06
2025-11-22T19:31:45.542825,BFUSDUSDT,STRONG_BUY,2,4,2,1,9,51.25185919967529,1.0,0.01,37060398.1953,Trend: Price reclaimed EMA20 support; Trend: MACD histogram positive & rising; Trend: One of Momentum/AO turning positive; Trend: 4h price reclaimed EMA20 support; Osc: RSI=51.3 in 45-65 healthy range (sustainable trend),4h>EMA20 | 4h-slope=-0.0%,
2025-11-22T19:32:55.147232,AVAXUSDT,STRONG_BUY,2,5,1,1,9,53.124893053192544,13.25,-0.376,43827329.6497,Trend: Price reclaimed EMA20 support; Trend: MACD histogram positive; Trend: Momentum 0.01 & AO 0.0289 both bullish; Osc: RSI=53.1 in 45-65 healthy range (sustainable trend); Osc: StochK=50.0 above 50 (bullish range),4h-slope=-1.8%,0.13
2025-11-22T19:32:55.149476,WBETHUSDT,STRONG_BUY,3,4,1,1,9,55.49299491538537,2981.34,-0.568,9800372.7542,"Trend: ADX=16.6 moderate, DI+>DI-; Trend: Price>EMA20>EMA50 alignment; Trend: Momentum 1.63 & AO 12.2739 both bullish; Trend: 1h price above EMA20 (watching for alignment); Osc: RSI=55.5 in 45-65 healthy range (sustainable trend)",1h>EMA20 | 4h-slope=-2.0%,0.07
2025-11-22T19:32:55.150476,RESOLVUSDT,STRONG_BUY,4,4,2,1,11,64.29197638669615,0.1273,1.354,6865051.99974,"Trend: ADX=21.2 strong, DI+>DI-; Trend: Price>EMA20>EMA50 alignment; Trend: MACD histogram positive; Trend: Momentum 0.00 & AO 0.0023 both bullish; Osc: RSI=64.3 in 45-65 healthy range (sustainable trend)",1h>EMA20 | 4h-slope=-2.5%,0.06
2025-11-22T19:32:55.152478,ERAUSDT,STRONG_BUY,4,4,2,1,11,63.881044089712255,0.2701,1.886,7037280.09123,"Trend: ADX=14.6 moderate, DI+>DI-; Trend: Price>EMA20>EMA50 alignment; Trend: MACD histogram positive; Trend: One of Momentum/AO turning positive; Osc: RSI=63.9 in 45-65 healthy range (sustainable trend)",1h-stack | 4h-stack | 4h-slope=+1.5%,0.24
2025-11-22T19:34:02.736530,ZKUSDT,STRONG_BUY,2,4,1,3,10,50.130047805406264,0.03887,-5.126,12057148.547365,Trend: Price reclaimed EMA20 support; Trend: MACD histogram positive & rising; Osc: RSI=50.1 in 45-65 healthy range (sustainable trend); Osc: StochK=48.1 mid-range consolidation; Osc: CCI=14.8 above zero,4h-slope=-5.3%,0.14
2025-11-22T19:36:22.068377,MAVUSDT,STRONG_BUY,5,4,2,0,11,59.347725245564405,0.03139,15.574,15788074.15366,"Trend: ADX=35.8 strong, DI+>DI-; Trend: Price>EMA20>EMA50 alignment; Trend: Momentum 0.00 & AO 0.0022 both bullish; Trend: 1h EMA stack confirms uptrend; Osc: RSI=59.3 in 45-65 healthy range (sustainable trend)",1h-stack | 4h>EMA20 | 4h-slope=+1.1%,0.34
2025-11-22T19:36:22.069384,GIGGLEUSDT,STRONG_BUY,3,5,0,2,10,59.15437128934494,102.23,-5.552,27234102.13328,"Trend: ADX=16.2 moderate, DI+>DI-; Trend: Price reclaimed EMA20 support; Trend: MACD histogram positive; Trend: Momentum 3.03 & AO 1.4922 both bullish; Osc: RSI=59.2 in 45-65 healthy range (sustainable trend)",1h>EMA20 | 4h-slope=-6.1%,0.41
2025-11-22T19:38:38.795762,ENAUSDT,STRONG_BUY,2,5,1,1,9,54.644492142870924,0.2333,-3.555,23039108.139797,Trend: Price>EMA20>EMA50 alignment; Trend: MACD histogram positive; Trend: Momentum 0.00 & AO 0.0021 both bullish; Trend: 1h price above EMA20 (watching for alignment); Osc: RSI=54.6 in 45-65 healthy range (sustainable trend),1h>EMA20 | 4h-slope=-3.3%,0.44
2025-11-22T19:40:54.031723,RENDERUSDT,STRONG_BUY,2,5,3,1,11,53.092163921776525,1.677,-2.273,5270351.5525,Trend: Price reclaimed EMA20 support; Trend: MACD histogram positive; Trend: Momentum 0.00 & AO 0.0060 both bullish; Osc: RSI=53.1 in 45-65 healthy range (sustainable trend); Osc: StochK=68.2 above 50 (bullish range),4h-slope=-4.3%,0.2
2025-11-22T19:43:09.415969,TONUSDT,STRONG_BUY,2,5,3,1,11,58.19439587067964,1.519,-0.589,9686253.38535,Trend: Price>EMA20>EMA50 alignment; Trend: MACD histogram positive; Trend: Momentum 0.01 & AO 0.0030 both bullish; Trend: 1h price above EMA20 (watching for alignment); Osc: RSI=58.2 in 45-65 healthy range (sustainable trend),1h>EMA20 | 4h-slope=-2.9%,0.81
2025-11-22T19:45:28.148227,CAKEUSDT,STRONG_BUY,4,3,2,1,10,70.05918863324828,2.231,8.091,20959096.12234,"Trend: ADX=35.4 strong, DI+>DI-; Trend: Price>EMA20>EMA50 alignment; Trend: Momentum 0.04 & AO 0.0629 both bullish; Trend: 1h price above EMA20 (watching for alignment); Osc: CCI=176.0 strong bullish momentum",1h>EMA20 | 4h>EMA20 | 4h-slope=-1.2%,0.01
2025-11-22T19:45:28.151226,KITEUSDT,STRONG_BUY,4,4,2,0,10,51.9758008464172,0.1028,3.317,31931937.59173,"Trend: ADX=14.7 moderate, DI+>DI-; Trend: Price>EMA20>EMA50 alignment; Trend: MACD histogram positive; Trend: Momentum 0.00 & AO 0.0011 both bullish; Osc: RSI=52.0 in 45-65 healthy range (sustainable trend)",1h-stack | 4h-stack | 4h-slope=+5.2%,0.0
2025-11-22T19:46:36.523784,ENSOUSDT,STRONG_BUY,2,5,1,1,9,49.39987730253997,0.819,-8.492,13924142.31966,Trend: Price reclaimed EMA20 support; Trend: MACD histogram positive & rising; Trend: One of Momentum/AO turning positive; Osc: RSI=49.4 in 45-65 healthy range (sustainable trend); Osc: StochK=72.7 above 50 (bullish range),4h-slope=+0.4%,0.29
2025-11-22T19:47:44.123727,NMRUSDT,STRONG_BUY,3,2,2,1,8,51.673411577783696,11.24,-0.355,5229983.6293,"Trend: ADX=33.9 strong, DI+>DI-; Trend: Price>EMA20>EMA50 alignment; Trend: One of Momentum/AO turning positive; Trend: 1h price above EMA20 (watching for alignment); Osc: RSI=51.7 in 45-65 healthy range (sustainable trend)",1h>EMA20 | 4h-slope=-1.1%,0.03
2025-11-22T19:48:53.564102,FETUSDT,STRONG_BUY,2,4,1,3,10,50.10814389538323,0.2711,-5.54,22942203.98478,Trend: Price reclaimed EMA20 support; Trend: MACD histogram positive; Trend: Momentum 0.00 & AO 0.0008 both bullish; Osc: RSI=50.1 in 45-65 healthy range (sustainable trend); Osc: StochK=51.0 above 50 (bullish range),4h-slope=-2.8%,0.12
2025-11-22T19:48:53.568727,PARTIUSDT,STRONG_BUY,4,4,1,3,12,49.83604899980271,0.0696,-12.343,27779824.3941,"Trend: ADX=20.3 strong, DI+>DI-; Trend: Price reclaimed EMA20 support; Trend: MACD histogram positive & rising; Trend: One of Momentum/AO turning positive; Osc: RSI=49.8 in 45-65 healthy range (sustainable trend)",4h-stack | 4h-slope=+5.7%,0.14
2025-11-22T19:48:53.568727,SYRUPUSDT,STRONG_BUY,3,4,2,1,10,53.6247167727356,0.2958,2.601,7065021.58121,"Trend: ADX=29.5 strong, DI+>DI-; Trend: Price>EMA20>EMA50 alignment; Trend: One of Momentum/AO turning positive; Trend: 1h price above EMA20 (watching for alignment); Osc: RSI=53.6 in 45-65 healthy range (sustainable trend)",1h>EMA20 | 4h-slope=-4.8%,0.08
2025-11-22T19:50:04.519956,PAXGUSDT,STRONG_BUY,2,4,3,2,11,54.75156627244896,4061.02,-0.596,20387651.138418,Trend: Price reclaimed EMA20 support; Trend: MACD histogram positive; Trend: Momentum 2.26 & AO 0.3890 both bullish; Trend: 1h price above EMA20 (watching for alignment); Osc: RSI=54.8 in 45-65 healthy range (sustainable trend),1h>EMA20 | 4h-slope=-0.0%,0.34
2025-11-22T19:50:04.521956,ASTERUSDT,STRONG_BUY,3,4,3,3,13,53.94474093996671,1.177,-4.464,114732342.39883,"Trend: ADX=26.9 strong, DI+>DI-; Trend: Price reclaimed EMA20 support; Trend: MACD histogram positive; Trend: One of Momentum/AO turning positive; Osc: RSI=53.9 in 45-65 healthy range (sustainable trend)",4h-slope=-1.6%,0.19
2025-11-22T19:51:14.558075,XRPUSDT,STRONG_BUY,3,3,1,3,10,52.27782203597686,1.9317,-0.801,224295426.00747,"Trend: ADX=22.2 strong, DI+>DI-; Trend: Price>EMA20>EMA50 alignment; Trend: One of Momentum/AO turning positive; Trend: 1h price above EMA20 (watching for alignment); Osc: RSI=52.3 in 45-65 healthy range (sustainable trend)",1h>EMA20 | 4h-slope=-2.0%,0.18
2025-11-22T19:51:14.560069,SOMIUSDT,STRONG_BUY,2,4,1,1,8,52.59989214009249,0.2664,-2.346,6366162.26572,Trend: Price reclaimed EMA20 support; Trend: MACD histogram positive; Trend: Momentum 0.00 & AO 0.0019 both bullish; Osc: RSI=52.6 in 45-65 healthy range (sustainable trend); Osc: StochK=41.1 mid-range consolidation,4h-slope=-1.2%,0.22
2025-11-22T19:51:14.562073,AVNTUSDT,STRONG_BUY,2,3,3,1,9,49.683344685517596,0.3914,-5.299,6863636.44305,"Trend: ADX=17.2 moderate, DI+>DI-; Trend: MACD histogram positive; Trend: One of Momentum/AO turning positive; Osc: RSI=49.7 in 45-65 healthy range (sustainable trend); Osc: StochK=37.3 mid-range consolidation",4h-slope=-1.6%,0.1
2025-11-22T19:51:14.565011,SAPIENUSDT,STRONG_BUY,2,3,1,2,8,49.746744424255674,0.1257,-13.251,6141558.03447,Trend: Price reclaimed EMA20 support; Trend: MACD histogram positive & rising; Osc: RSI=49.7 in 45-65 healthy range (sustainable trend); Osc: StochK=46.8 mid-range consolidation; Osc: CCI=35.0 above zero,4h-slope=-4.4%,0.15
2025-11-22T19:52:22.357799,ETHUSDT,STRONG_BUY,2,5,3,1,11,55.84089517665605,2753.0,0.147,845152581.161193,"Trend: ADX=16.3 moderate, DI+>DI-; Trend: Price>EMA20>EMA50 alignment; Trend: One of Momentum/AO turning positive; Trend: 1h price above EMA20 (watching for alignment); Osc: RSI=55.8 in 45-65 healthy range (sustainable trend)",1h>EMA20 | 4h-slope=-2.0%,0.24
2025-11-22T19:52:22.359307,POLUSDT,STRONG_BUY,2,5,1,1,9,55.10942490910862,0.1327,-0.599,8637147.50531,Trend: Price>EMA20>EMA50 alignment; Trend: Momentum 0.00 & AO 0.0007 both bullish; Trend: 1h price above EMA20 (watching for alignment); Osc: RSI=55.1 in 45-65 healthy range (sustainable trend); Osc: StochK=64.3 above 50 (bullish range),1h>EMA20 | 4h-slope=-2.4%,0.21
2025-11-22T19:52:22.362302,USDEUSDT,STRONG_BUY,5,3,1,2,11,59.65296332620934,0.9994,0.02,61822788.1386,"Trend: ADX=33.0 strong, DI+>DI-; Trend: Price>EMA20>EMA50 alignment; Trend: MACD histogram positive; Trend: Momentum 0.00 & AO 0.0000 both bullish; Osc: RSI=59.7 in 45-65 healthy range (sustainable trend)",1h-stack | 4h-stack | 4h-slope=+0.0%,0.0
2025-11-22T19:53:30.034648,ARBUSDT,STRONG_BUY,2,5,3,3,13,53.01183866363717,0.1993,-2.4,16754541.87938,"Trend: ADX=14.1 moderate, DI+>DI-; Trend: Price reclaimed EMA20 support; Trend: One of Momentum/AO turning positive; Osc: RSI=53.0 in 45-65 healthy range (sustainable trend); Osc: StochK=53.8 above 50 (bullish range)",4h-slope=-3.4%,0.28
2025-11-22T19:53:30.036800,SUIUSDT,STRONG_BUY,2,5,3,3,13,51.676966182438754,1.34,-3.207,65913140.37883,Trend: Price reclaimed EMA20 support; Trend: MACD histogram positive; Trend: Momentum 0.00 & AO 0.0041 both bullish; Osc: RSI=51.7 in 45-65 healthy range (sustainable trend); Osc: StochK=56.8 above 50 (bullish range),4h-slope=-4.3%,0.23
2025-11-22T19:53:30.038908,WLDUSDT,STRONG_BUY,2,5,3,1,11,57.0204452264315,0.602,0.333,25049856.2943,Trend: Price>EMA20>EMA50 alignment; Trend: Momentum 0.00 & AO 0.0022 both bullish; Trend: 1h price above EMA20 (watching for alignment); Osc: RSI=57.0 in 45-65 healthy range (sustainable trend); Osc: StochK=60.0 above 50 (bullish range),1h>EMA20 | 4h-slope=-2.6%,0.28
2025-11-22T19:53:30.040909,TRUMPUSDT,STRONG_BUY,2,4,1,2,9,54.96259867427455,6.301,-0.364,17081087.042838,Trend: Price reclaimed EMA20 support; Trend: MACD histogram positive; Trend: Momentum 0.01 & AO 0.0091 both bullish; Trend: 1h price above EMA20 (watching for alignment); Osc: RSI=55.0 in 45-65 healthy range (sustainable trend),1h>EMA20 | 4h-slope=-1.9%,0.33
2025-11-22T20:00:15.328619,LINKUSDT,STRONG_BUY,2,5,2,1,10,55.084136168240725,12.01,-0.908,47818446.648,Trend: Price>EMA20>EMA50 alignment; Trend: Momentum 0.02 & AO 0.0408 both bullish; Trend: 1h price above EMA20 (watching for alignment); Osc: RSI=55.1 in 45-65 healthy range (sustainable trend); Osc: StochK=52.6 above 50 (bullish range),1h>EMA20 | 4h-slope=-2.6%,0.0
2025-11-22T20:00:15.330878,BATUSDT,STRONG_BUY,6,3,2,0,11,71.63306421164675,0.1987,12.834,7535068.0388,"Trend: ADX=30.0 strong, DI+>DI-; Trend: Price>EMA20>EMA50 alignment; Trend: MACD histogram positive & rising; Trend: Momentum 0.01 & AO 0.0060 both bullish; Osc: CCI=184.7 strong bullish momentum",1h-stack | 4h>EMA20 | 4h-slope=+3.8%,0.05
2025-11-22T20:02:30.569850,LTCUSDT,STRONG_BUY,2,5,3,1,11,53.70533226597717,82.29,-0.784,37730138.97345,Trend: Price reclaimed EMA20 support; Trend: MACD histogram positive; Trend: Momentum 0.22 & AO 0.1877 both bullish; Osc: RSI=53.7 in 45-65 healthy range (sustainable trend); Osc: StochK=67.5 above 50 (bullish range),4h-slope=-2.5%,0.17
2025-11-22T20:02:30.570866,ETCUSDT,STRONG_BUY,2,5,1,1,9,52.38342356350848,13.47,-0.883,9537360.7688,Trend: Price>EMA20>EMA50 alignment; Trend: Momentum 0.01 & AO 0.0163 both bullish; Trend: 1h price above EMA20 (watching for alignment); Osc: RSI=52.4 in 45-65 healthy range (sustainable trend); Osc: StochK=53.8 above 50 (bullish range),1h>EMA20 | 4h-slope=-1.0%,0.08
2025-11-22T20:02:30.573383,NEARUSDT,STRONG_BUY,2,3,3,2,10,48.76891078405608,1.815,-2.993,34614323.6967,Trend: Price reclaimed EMA20 support; Trend: MACD histogram positive & rising; Trend: One of Momentum/AO turning positive; Osc: RSI=48.8 in 45-65 healthy range (sustainable trend); Osc: StochK=47.1 mid-range consolidation,4h-slope=-5.0%,0.06
2025-11-22T20:02:30.574385,ARUSDT,STRONG_BUY,2,4,1,1,8,51.675440660904364,3.74,0.268,6346481.3081,Trend: Price reclaimed EMA20 support; Trend: MACD histogram positive & rising; Osc: RSI=51.7 in 45-65 healthy range (sustainable trend); Osc: CCI=31.8 above zero; Osc: StochRSI=100.0 staying strong above 80,4h-slope=-2.3%,0.3
2025-11-22T20:02:30.577383,LDOUSDT,STRONG_BUY,2,5,2,1,10,57.21594498057892,0.6199,1.274,7124229.195127,Trend: Price>EMA20>EMA50 alignment; Trend: Momentum 0.00 & AO 0.0026 both bullish; Trend: 1h price above EMA20 (watching for alignment); Osc: RSI=57.2 in 45-65 healthy range (sustainable trend); Osc: StochK=66.3 above 50 (bullish range),1h>EMA20 | 4h-slope=-3.1%,0.06
2025-11-22T20:02:30.580381,APTUSDT,STRONG_BUY,2,4,3,2,11,51.77699280405101,2.324,-5.065,13297765.90897,Trend: Price reclaimed EMA20 support; Trend: MACD histogram positive & rising; Trend: One of Momentum/AO turning positive; Osc: RSI=51.8 in 45-65 healthy range (sustainable trend); Osc: StochK=54.3 above 50 (bullish range),4h-slope=-5.1%,0.07
2025-11-22T20:02:30.582385,SEIUSDT,STRONG_BUY,3,5,1,1,10,54.145931069743646,0.1311,-2.383,10729192.26462,Trend: Price reclaimed EMA20 support; Trend: MACD histogram positive & rising; Trend: Momentum 0.00 & AO 0.0001 both bullish; Osc: RSI=54.1 in 45-65 healthy range (sustainable trend); Osc: StochK=65.0 above 50 (bullish range),4h-slope=-2.9%,0.19
2025-11-22T20:02:30.585865,TIAUSDT,STRONG_BUY,2,3,3,3,11,49.8436235740088,0.621,-6.617,8228703.0818,Trend: Price reclaimed EMA20 support; Trend: MACD histogram positive & rising; Trend: One of Momentum/AO turning positive; Osc: RSI=49.8 in 45-65 healthy range (sustainable trend); Osc: StochK=55.6 above 50 (bullish range),4h-slope=-5.1%,0.21
2025-11-22T20:02:30.587866,XUSDUSDT,STRONG_BUY,4,4,2,1,11,52.83385852542251,1.0005,-0.02,6619217.087,"Trend: ADX=42.8 strong, DI+>DI-; Trend: Price reclaimed EMA20 support; Trend: MACD histogram positive; Trend: Momentum 0.00 & AO 0.0000 both bullish; Osc: RSI=52.8 in 45-65 healthy range (sustainable trend)",4h-slope=-0.0%,
2025-11-22T20:03:37.484868,TRXUSDT,STRONG_BUY,2,4,1,1,8,46.703123926201926,0.2737,-0.797,103799337.03505,Trend: MACD histogram positive & rising; Trend: One of Momentum/AO turning positive; Osc: RSI=46.7 in 45-65 healthy range (sustainable trend); Osc: StochK=41.7 mid-range consolidation; Osc: CCI=7.6 above zero,4h-slope=-1.0%,0.4
2025-11-22T20:03:37.486373,VIRTUALUSDT,STRONG_BUY,2,5,1,3,11,53.14724536240107,0.882,-4.266,14309962.787,Trend: Price reclaimed EMA20 support; Trend: MACD histogram positive; Trend: Momentum 0.00 & AO 0.0029 both bullish; Osc: RSI=53.1 in 45-65 healthy range (sustainable trend); Osc: StochK=62.2 above 50 (bullish range),4h-slope=-4.8%,0.14
2025-11-22T20:03:37.486373,SKYUSDT,STRONG_BUY,2,3,1,3,9,47.56232921962057,0.04182,-9.047,5407289.50011,Trend: Price reclaimed EMA20 support; Trend: MACD histogram positive; Trend: Momentum 0.00 & AO 0.0002 both bullish; Osc: RSI=47.6 in 45-65 healthy range (sustainable trend); Osc: StochK=31.0 mid-range consolidation,4h-slope=-4.5%,0.17
2025-11-22T20:04:45.435319,MIRAUSDT,STRONG_BUY,4,2,1,2,9,52.51696482202178,0.1791,4.067,7677349.93008,"Trend: ADX=22.7 strong, DI+>DI-; Trend: Price>EMA20>EMA50 alignment; Trend: One of Momentum/AO turning positive; Trend: 1h EMA stack confirms uptrend; Osc: RSI=52.5 in 45-65 healthy range (sustainable trend)",1h-stack | 4h>EMA20 | 4h-slope=+1.4%,0.1
2025-11-22T20:06:57.124985,DASHUSDT,STRONG_BUY,3,3,1,2,9,55.7134157175529,57.5,-7.616,42388914.47395,"Trend: ADX=29.5 strong, DI+>DI-; Trend: Price>EMA20>EMA50 alignment; Trend: One of Momentum/AO turning positive; Osc: RSI=55.7 in 45-65 healthy range (sustainable trend); Osc: StochK=41.8 mid-range consolidation",4h-slope=-7.8%,0.15
2025-11-22T20:06:57.127055,DOTUSDT,STRONG_BUY,2,5,3,3,13,53.195516804923216,2.302,-2.333,14359170.67209,Trend: Price reclaimed EMA20 support; Trend: MACD histogram positive; Trend: Momentum 0.01 & AO 0.0016 both bullish; Osc: RSI=53.2 in 45-65 healthy range (sustainable trend); Osc: StochK=57.6 above 50 (bullish range),4h-slope=-3.6%,0.55
2025-11-22T20:06:57.129062,INJUSDT,STRONG_BUY,2,3,1,2,8,51.99181619259386,5.42,-0.55,6749055.6811,"Trend: ADX=16.0 moderate, DI+>DI-; Trend: Price>EMA20>EMA50 alignment; Trend: 1h price above EMA20 (watching for alignment); Osc: RSI=52.0 in 45-65 healthy range (sustainable trend); Osc: StochK=27.8 mid-range consolidation",1h>EMA20 | 4h-slope=-4.0%,0.43
2025-11-22T20:06:57.132062,OPUSDT,STRONG_BUY,3,3,3,3,12,54.459260248883005,0.3012,-2.144,13467729.252991,Trend: Price reclaimed EMA20 support; Trend: MACD histogram positive & rising; Trend: Momentum 0.00 & AO 0.0002 both bullish; Osc: RSI=54.5 in 45-65 healthy range (sustainable trend); Osc: CCI=63.5 above zero,4h-slope=-5.4%,0.19
2025-11-22T20:06:57.133797,FFUSDT,ULTRA_BUY,5,5,3,1,14,57.8307761513637,0.12793,5.327,7606239.794239,"Trend: ADX=24.0 strong, DI+>DI-; Trend: Price>EMA20>EMA50 alignment; Trend: MACD histogram positive & rising; Trend: Momentum 0.00 & AO 0.0007 both bullish; Osc: RSI=57.8 in 45-65 healthy range (sustainable trend)",1h>EMA20 | 4h-slope=-1.7%,0.29
2025-11-22T20:09:08.846815,1INCHUSDT,STRONG_BUY,3,4,3,2,12,70.17345268962441,0.183,8.284,5018966.36806,Trend: Price>EMA20>EMA50 alignment; Trend: MACD histogram positive; Trend: Momentum 0.01 & AO 0.0057 both bullish; Trend: 1h EMA stack confirms uptrend; Osc: StochK=79.4 above 50 (bullish range),1h-stack | 4h>EMA20 | 4h-slope=+0.7%,3.04
2025-11-22T20:09:08.848820,SUPERUSDT,STRONG_BUY,3,5,2,1,11,59.42605227033179,0.2027,1.962,12578866.9219,"Trend: ADX=14.3 moderate, DI+>DI-; Trend: Price>EMA20>EMA50 alignment; Trend: Momentum 0.00 & AO 0.0034 both bullish; Trend: 1h price above EMA20 (watching for alignment); Osc: RSI=59.4 in 45-65 healthy range (sustainable trend)",1h>EMA20 | 4h-slope=-2.9%,1.41
2025-11-22T20:13:32.480116,WBTCUSDT,STRONG_BUY,3,5,2,1,11,58.66147161559339,84628.74,0.831,12963493.308588,"Trend: ADX=15.7 moderate, DI+>DI-; Trend: Price>EMA20>EMA50 alignment; Trend: Momentum 215.20 & AO 295.2678 both bullish; Trend: 1h price above EMA20 (watching for alignment); Osc: RSI=58.7 in 45-65 healthy range (sustainable trend)",1h>EMA20 | 4h-slope=-1.4%,1.17
2025-11-22T20:14:38.790299,CRVUSDT,STRONG_BUY,2,5,3,3,13,53.79703054760598,0.372,-2.771,8773219.44582,"Trend: ADX=16.1 moderate, DI+>DI-; Trend: Price reclaimed EMA20 support; Trend: Momentum 0.00 & AO 0.0003 both bullish; Osc: RSI=53.8 in 45-65 healthy range (sustainable trend); Osc: StochK=51.4 above 50 (bullish range)",4h-slope=-3.3%,0.77
2025-11-22T20:15:44.910156,USDCUSDT,STRONG_BUY,2,4,3,1,10,52.16231553043923,1.0003,-0.03,863707391.3637,Trend: Price reclaimed EMA20 support; Trend: MACD histogram positive & rising; Trend: One of Momentum/AO turning positive; Osc: RSI=52.2 in 45-65 healthy range (sustainable trend); Osc: CCI=51.3 above zero,4h-slope=-0.0%,0.12
2025-11-22T20:15:44.913010,HBARUSDT,STRONG_BUY,4,4,2,1,11,59.10634128706942,0.13068,-0.32,21733766.2867,"Trend: ADX=17.2 moderate, DI+>DI-; Trend: Price>EMA20>EMA50 alignment; Trend: MACD histogram positive & rising; Trend: Momentum 0.00 & AO 0.0012 both bullish; Osc: RSI=59.1 in 45-65 healthy range (sustainable trend)",1h>EMA20 | 4h-slope=-2.3%,0.11
2025-11-22T20:16:50.921449,ONDOUSDT,STRONG_BUY,3,4,2,1,10,54.39178693157549,0.4618,-0.816,6695769.66244,Trend: Price reclaimed EMA20 support; Trend: MACD histogram positive & rising; Trend: Momentum 0.00 & AO 0.0001 both bullish; Osc: RSI=54.4 in 45-65 healthy range (sustainable trend); Osc: StochK=63.6 above 50 (bullish range),4h-slope=-3.1%,0.21
2025-11-22T20:21:14.492332,NILUSDT,STRONG_BUY,3,3,1,3,10,49.55629713418873,0.0947,-6.423,5582165.42555,"Trend: ADX=14.4 moderate, DI+>DI-; Trend: Price reclaimed EMA20 support; Trend: MACD histogram positive & rising; Trend: One of Momentum/AO turning positive; Osc: RSI=49.6 in 45-65 healthy range (sustainable trend)",4h-slope=-11.6%,0.76
2025-11-22T20:29:50.054589,BTCUSDT,STRONG_BUY,3,4,2,1,10,58.578885069228555,84759.02,1.476,1385030943.1506765,"Trend: ADX=17.5 moderate, DI+>DI-; Trend: Price>EMA20>EMA50 alignment; Trend: Momentum 204.83 & AO 290.2554 both bullish; Trend: 1h price above EMA20 (watching for alignment); Osc: RSI=58.6 in 45-65 healthy range (sustainable trend)",1h>EMA20 | 4h-slope=-1.4%,0.51
2025-11-22T20:29:50.054589,ADAUSDT,ULTRA_BUY,4,5,2,1,12,56.703639225838394,0.4033,0.323,45710317.35697,"Trend: ADX=14.0 moderate, DI+>DI-; Trend: Price>EMA20>EMA50 alignment; Trend: MACD histogram positive & rising; Trend: Momentum 0.00 & AO 0.0027 both bullish; Osc: RSI=56.7 in 45-65 healthy range (sustainable trend)",1h>EMA20 | 4h-slope=-3.1%,0.27
2025-11-22T20:29:50.063552,DOGEUSDT,STRONG_BUY,4,4,2,1,11,59.08380711551167,0.13988,1.583,153162982.73612,"Trend: ADX=15.9 moderate, DI+>DI-; Trend: Price>EMA20>EMA50 alignment; Trend: MACD histogram positive & rising; Trend: Momentum 0.00 & AO 0.0011 both bullish; Osc: RSI=59.1 in 45-65 healthy range (sustainable trend)",1h>EMA20 | 4h-slope=-2.4%,0.96
2025-11-22T20:29:50.064463,BCHUSDT,STRONG_BUY,4,3,2,1,10,67.1286585109283,566.2,11.986,103868509.938,"Trend: ADX=18.7 moderate, DI+>DI-; Trend: Price>EMA20>EMA50 alignment; Trend: MACD histogram positive; Trend: Momentum 14.90 & AO 12.8138 both bullish; Osc: CCI=129.5 strong bullish momentum",1h-stack | 4h-stack | 4h-slope=+4.5%,0.7
2025-11-22T20:29:50.064463,AAVEUSDT,STRONG_BUY,4,4,2,1,11,62.0468013230159,160.26,4.16,20303260.72269,"Trend: ADX=15.5 moderate, DI+>DI-; Trend: Price>EMA20>EMA50 alignment; Trend: MACD histogram positive & rising; Trend: Momentum 2.16 & AO 1.5379 both bullish; Osc: RSI=62.0 in 45-65 healthy range (sustainable trend)",1h>EMA20 | 4h-slope=-1.5%,0.33
2025-11-22T20:29:50.069475,FDUSDUSDT,STRONG_BUY,3,5,1,1,10,48.75678223553869,0.9968,-0.01,157695905.5507,"Trend: ADX=82.7 strong, DI+>DI-; Trend: MACD histogram positive; Trend: One of Momentum/AO turning positive; Osc: RSI=48.8 in 45-65 healthy range (sustainable trend); Osc: StochK=50.0 above 50 (bullish range)",4h-slope=-0.0%,1.15
2025-11-22T20:29:50.069475,WIFUSDT,STRONG_BUY,4,4,2,1,11,63.64076502624532,0.332,4.403,33014885.62521,"Trend: ADX=17.3 moderate, DI+>DI-; Trend: Price>EMA20>EMA50 alignment; Trend: MACD histogram positive & rising; Trend: Momentum 0.01 & AO 0.0037 both bullish; Osc: RSI=63.6 in 45-65 healthy range (sustainable trend)",1h>EMA20 | 4h-slope=-4.5%,1.29
2025-11-22T20:30:56.391972,EURUSDT,STRONG_BUY,4,2,2,1,9,68.5408273755821,1.1522,0.043,11111685.01738,"Trend: ADX=24.4 strong, DI+>DI-; Trend: Price>EMA20>EMA50 alignment; Trend: MACD histogram positive; Trend: Momentum 0.00 & AO 0.0008 both bullish; Osc: CCI=81.8 above zero",1h>EMA20 | 4h-slope=-0.1%,0.07
2025-11-22T20:30:56.391972,WLFIUSDT,STRONG_BUY,5,3,2,0,10,75.79586836331575,0.1588,15.997,54845581.17687,"Trend: ADX=39.8 strong, DI+>DI-; Trend: Price>EMA20>EMA50 alignment; Trend: MACD histogram positive; Trend: Momentum 0.01 & AO 0.0089 both bullish; Osc: CCI=139.5 strong bullish momentum",1h-stack | 4h-stack | 4h-slope=+4.1%,0.05
2025-11-22T20:32:02.628837,BNBUSDT,STRONG_BUY,2,4,2,1,9,54.884677932809645,830.87,1.571,155356146.61213,Trend: Price>EMA20>EMA50 alignment; Trend: MACD histogram positive; Trend: Momentum 1.07 & AO 5.9789 both bullish; Trend: 1h price above EMA20 (watching for alignment); Osc: RSI=54.9 in 45-65 healthy range (sustainable trend),1h>EMA20 | 4h-slope=-1.7%,0.16
2025-11-22T20:33:08.870983,WBETHUSDT,STRONG_BUY,2,5,1,1,9,53.32996942138258,2980.41,1.366,10249802.143974,"Trend: ADX=15.2 moderate, DI+>DI-; Trend: Price>EMA20>EMA50 alignment; Trend: One of Momentum/AO turning positive; Trend: 1h price above EMA20 (watching for alignment); Osc: RSI=53.3 in 45-65 healthy range (sustainable trend)",1h>EMA20 | 4h-slope=-1.8%,0.14
2025-11-22T20:33:08.870983,RESOLVUSDT,STRONG_BUY,4,3,2,2,11,77.43553800691694,0.1315,6.22,6838887.86966,"Trend: ADX=16.8 moderate, DI+>DI-; Trend: Price>EMA20>EMA50 alignment; Trend: MACD histogram positive & rising; Trend: Momentum 0.01 & AO 0.0044 both bullish; Osc: CCI=199.7 strong bullish momentum",1h>EMA20 | 4h>EMA20 | 4h-slope=-1.5%,0.97
2025-11-22T20:33:08.874456,ERAUSDT,ULTRA_BUY,5,5,2,1,13,63.846065040370405,0.2712,5.361,6849391.26297,"Trend: ADX=21.3 strong, DI+>DI-; Trend: Price>EMA20>EMA50 alignment; Trend: MACD histogram positive; Trend: Momentum 0.01 & AO 0.0111 both bullish; Osc: RSI=63.8 in 45-65 healthy range (sustainable trend)",1h-stack | 4h-stack | 4h-slope=+1.6%,0.12
2025-11-22T20:41:58.681725,RENDERUSDT,STRONG_BUY,2,4,2,1,9,54.12994068717757,1.685,0.477,5058369.71201,Trend: Price>EMA20>EMA50 alignment; Trend: MACD histogram positive; Trend: Momentum 0.01 & AO 0.0161 both bullish; Osc: RSI=54.1 in 45-65 healthy range (sustainable trend); Osc: StochK=47.8 mid-range consolidation,4h-slope=-4.0%,0.59
2025-11-22T20:44:11.536510,TONUSDT,STRONG_BUY,2,5,3,2,12,60.28653093385916,1.53,1.057,9654545.92311,Trend: Price>EMA20>EMA50 alignment; Trend: MACD histogram positive; Trend: Momentum 0.02 & AO 0.0148 both bullish; Trend: 1h price above EMA20 (watching for alignment); Osc: RSI=60.3 in 45-65 healthy range (sustainable trend),1h>EMA20 | 4h-slope=-2.6%,1.51
2025-11-22T20:46:24.174109,CAKEUSDT,STRONG_BUY,4,4,2,1,11,60.686554195968846,2.224,8.329,22693862.89022,"Trend: ADX=32.6 strong, DI+>DI-; Trend: Price>EMA20>EMA50 alignment; Trend: Momentum 0.02 & AO 0.0557 both bullish; Trend: 1h price above EMA20 (watching for alignment); Osc: RSI=60.7 in 45-65 healthy range (sustainable trend)",1h>EMA20 | 4h>EMA20 | 4h-slope=-0.4%,0.03
2025-11-22T20:48:36.306101,NMRUSDT,STRONG_BUY,4,4,2,1,11,52.81511971104428,11.29,1.165,5163455.8285,"Trend: ADX=38.4 strong, DI+>DI-; Trend: Price>EMA20>EMA50 alignment; Trend: Momentum 0.09 & AO 0.0679 both bullish; Trend: 1h price above EMA20 (watching for alignment); Osc: RSI=52.8 in 45-65 healthy range (sustainable trend)",1h>EMA20 | 4h-slope=-0.7%,0.01
2025-11-22T20:51:58.033119,ENSOUSDT,STRONG_BUY,2,5,3,1,11,49.22033979625401,0.819,-7.77,13478587.03586,Trend: Price reclaimed EMA20 support; Trend: MACD histogram positive; Trend: Momentum 0.01 & AO 0.0015 both bullish; Osc: RSI=49.2 in 45-65 healthy range (sustainable trend); Osc: StochK=69.6 above 50 (bullish range),4h-slope=-1.7%,0.14
2025-11-22T20:58:56.089044,BFUSDUSDT,STRONG_BUY,2,4,1,1,8,51.77670416198839,1.0,-0.01,37063076.565,Trend: Price reclaimed EMA20 support; Trend: MACD histogram positive & rising; Trend: 4h price reclaimed EMA20 support; Osc: RSI=51.8 in 45-65 healthy range (sustainable trend); Osc: CCI=55.6 above zero,4h>EMA20 | 4h-slope=-0.0%,0.0
2025-11-22T21:00:08.137346,PAXGUSDT,STRONG_BUY,2,3,2,2,9,54.30069146234857,4061.02,-0.159,17931907.557278,Trend: Price reclaimed EMA20 support; Trend: MACD histogram positive; Trend: Momentum 1.79 & AO 0.0461 both bullish; Trend: 1h price above EMA20 (watching for alignment); Osc: RSI=54.3 in 45-65 healthy range (sustainable trend),1h>EMA20 | 4h-slope=-0.0%,1.67
2025-11-22T21:01:17.214966,BATUSDT,STRONG_BUY,5,3,2,0,10,69.06810034681185,0.1991,13.836,8029738.4219,"Trend: ADX=35.4 strong, DI+>DI-; Trend: Price>EMA20>EMA50 alignment; Trend: MACD histogram positive; Trend: Momentum 0.01 & AO 0.0063 both bullish; Osc: CCI=115.9 strong bullish momentum",1h-stack | 4h>EMA20 | 4h-slope=+3.8%,0.14
2025-11-22T21:03:37.632855,XRPUSDT,STRONG_BUY,4,3,3,3,13,51.10602596384435,1.9308,-0.315,202024998.3913,"Trend: ADX=22.0 strong, DI+>DI-; Trend: Price>EMA20>EMA50 alignment; Trend: Momentum 0.00 & AO 0.0032 both bullish; Osc: RSI=51.1 in 45-65 healthy range (sustainable trend); Osc: StochK=50.8 above 50 (bullish range)",4h-slope=-1.9%,0.08
2025-11-22T21:03:37.634865,LINKUSDT,STRONG_BUY,2,4,3,1,10,52.53898035735868,12.01,-0.249,44491213.2111,Trend: Price>EMA20>EMA50 alignment; Trend: Momentum 0.06 & AO 0.0620 both bullish; Trend: 1h price above EMA20 (watching for alignment); Osc: RSI=52.5 in 45-65 healthy range (sustainable trend); Osc: StochK=52.6 above 50 (bullish range),1h>EMA20 | 4h-slope=-2.6%,0.41
2025-11-22T21:03:37.638866,GIGGLEUSDT,STRONG_BUY,2,3,1,3,9,51.86626643417482,101.01,-5.199,27159461.91877,"Trend: ADX=17.9 moderate, DI+>DI-; Trend: Price reclaimed EMA20 support; Trend: MACD histogram positive; Trend: One of Momentum/AO turning positive; Osc: RSI=51.9 in 45-65 healthy range (sustainable trend)",4h-slope=-5.5%,0.34
2025-11-22T21:03:37.640977,APTUSDT,STRONG_BUY,3,5,3,1,12,51.39336761165893,2.326,-3.405,12142081.85678,Trend: Price reclaimed EMA20 support; Trend: MACD histogram positive & rising; Trend: Momentum 0.01 & AO 0.0019 both bullish; Osc: RSI=51.4 in 45-65 healthy range (sustainable trend); Osc: StochK=65.0 above 50 (bullish range),4h-slope=-5.1%,0.15
2025-11-22T21:03:37.642977,POLUSDT,STRONG_BUY,2,2,3,3,10,51.04038515667988,0.1326,0.683,8498669.52888,Trend: Price>EMA20>EMA50 alignment; Trend: Momentum 0.00 & AO 0.0007 both bullish; Trend: 1h price above EMA20 (watching for alignment); Osc: RSI=51.0 in 45-65 healthy range (sustainable trend); Osc: StochK=30.4 mid-range consolidation,1h>EMA20 | 4h-slope=-2.2%,0.15
2025-11-22T21:04:48.553497,TRXUSDT,STRONG_BUY,2,4,2,1,9,51.71621757955611,0.274,-0.653,96881946.77614,Trend: Price reclaimed EMA20 support; Trend: MACD histogram positive & rising; Trend: One of Momentum/AO turning positive; Osc: RSI=51.7 in 45-65 healthy range (sustainable trend); Osc: CCI=73.0 above zero,4h-slope=-1.0%,0.09
2025-11-22T21:04:48.555496,LDOUSDT,STRONG_BUY,2,3,3,2,10,51.583621243103224,0.6178,2.83,6679001.046894,Trend: Price>EMA20>EMA50 alignment; Trend: Momentum 0.00 & AO 0.0032 both bullish; Trend: 1h price above EMA20 (watching for alignment); Osc: RSI=51.6 in 45-65 healthy range (sustainable trend); Osc: StochK=37.5 mid-range consolidation,1h>EMA20 | 4h-slope=-3.1%,0.11
2025-11-22T21:05:59.483852,MIRAUSDT,ULTRA_BUY,5,4,3,2,14,54.877136009908035,0.1797,7.284,7587835.99508,"Trend: ADX=24.2 strong, DI+>DI-; Trend: Price>EMA20>EMA50 alignment; Trend: Momentum 0.00 & AO 0.0010 both bullish; Trend: 1h EMA stack confirms uptrend; Osc: RSI=54.9 in 45-65 healthy range (sustainable trend)",1h-stack | 4h>EMA20 | 4h-slope=+1.4%,0.26
2025-11-22T21:07:10.997802,USDEUSDT,ULTRA_BUY,5,4,1,2,12,55.670655558569216,0.9994,0.01,61178645.8194,"Trend: ADX=23.1 strong, DI+>DI-; Trend: Price>EMA20>EMA50 alignment; Trend: MACD histogram positive; Trend: Momentum 0.00 & AO 0.0000 both bullish; Osc: RSI=55.7 in 45-65 healthy range (sustainable trend)",1h-stack | 4h-stack | 4h-slope=+0.0%,0.01
2025-11-22T21:08:22.756028,XUSDUSDT,STRONG_BUY,3,3,0,2,8,54.390543925836496,1.0005,-0.01,6618947.8407,"Trend: ADX=32.1 strong, DI+>DI-; Trend: Price reclaimed EMA20 support; Trend: MACD histogram positive; Trend: One of Momentum/AO turning positive; Osc: RSI=54.4 in 45-65 healthy range (sustainable trend)",4h-slope=-0.0%,0.04
2025-11-22T21:09:34.108377,USD1USDT,STRONG_BUY,2,3,3,2,10,47.65767225981101,0.9993,-0.06,8163836.0939,"Trend: ADX=22.4 strong, DI+>DI-; Trend: Price reclaimed EMA20 support; Osc: RSI=47.7 in 45-65 healthy range (sustainable trend); Osc: StochK=50.0 mid-range consolidation; Osc: StochRSI=89.1 staying strong above 80",4h-slope=-0.0%,0.09
2025-11-22T21:13:02.880255,1INCHUSDT,STRONG_BUY,3,3,2,1,9,65.53619303463925,0.1836,9.026,5192164.12503,Trend: Price>EMA20>EMA50 alignment; Trend: MACD histogram positive; Trend: Momentum 0.00 & AO 0.0062 both bullish; Trend: 1h EMA stack confirms uptrend; Osc: CCI=74.2 above zero,1h-stack | 4h>EMA20 | 4h-slope=+0.7%,0.95
2025-11-22T21:15:24.692134,SKYUSDT,STRONG_BUY,5,4,2,1,12,56.345525552607725,0.04209,-7.229,5387398.24025,"Trend: ADX=28.8 strong, DI+>DI-; Trend: Price reclaimed EMA20 support; Trend: MACD histogram positive & rising; Trend: Momentum 0.00 & AO 0.0003 both bullish; Osc: RSI=56.3 in 45-65 healthy range (sustainable trend)",4h-slope=-4.5%,0.0
2025-11-22T21:16:34.189698,USDCUSDT,STRONG_BUY,2,4,3,1,10,53.07803533980821,1.0003,-0.01,801849384.627,Trend: Price reclaimed EMA20 support; Trend: MACD histogram positive & rising; Osc: RSI=53.1 in 45-65 healthy range (sustainable trend); Osc: CCI=55.6 above zero; Osc: StochRSI=100.0 staying strong above 80,4h-slope=-0.0%,0.03
2025-11-22T21:17:45.165260,NEARUSDT,STRONG_BUY,2,5,3,3,13,50.91750212318049,1.818,-1.942,32363818.1974,Trend: Price reclaimed EMA20 support; Trend: MACD histogram positive & rising; Trend: One of Momentum/AO turning positive; Osc: RSI=50.9 in 45-65 healthy range (sustainable trend); Osc: StochK=75.0 above 50 (bullish range),4h-slope=-5.0%,0.17
2025-11-22T21:17:45.166261,HBARUSDT,STRONG_BUY,2,3,3,3,11,51.979135506576306,0.12999,0.085,20198224.04404,"Trend: ADX=18.4 moderate, DI+>DI-; Trend: Price>EMA20>EMA50 alignment; Trend: One of Momentum/AO turning positive; Trend: 1h price above EMA20 (watching for alignment); Osc: RSI=52.0 in 45-65 healthy range (sustainable trend)",1h>EMA20 | 4h-slope=-2.4%,0.08
2025-11-22T21:22:26.130593,DOTUSDT,STRONG_BUY,3,5,3,3,14,53.12161892701608,2.302,-2.084,13683669.75051,Trend: Price reclaimed EMA20 support; Trend: MACD histogram positive & rising; Trend: Momentum 0.00 & AO 0.0017 both bullish; Osc: RSI=53.1 in 45-65 healthy range (sustainable trend); Osc: StochK=75.0 above 50 (bullish range),4h-slope=-3.6%,1.47
2025-11-22T21:22:26.131592,OPUSDT,STRONG_BUY,2,4,3,3,12,53.134616747682806,0.3007,-1.924,12674833.571846,Trend: Price reclaimed EMA20 support; Trend: MACD histogram positive; Trend: Momentum 0.00 & AO 0.0001 both bullish; Osc: RSI=53.1 in 45-65 healthy range (sustainable trend); Osc: StochK=66.0 above 50 (bullish range),4h-slope=-5.4%,0.4
2025-11-22T21:22:26.135594,SYRUPUSDT,ULTRA_BUY,3,3,3,3,12,50.36427220305888,0.2945,1.587,6552950.44756,"Trend: ADX=32.3 strong, DI+>DI-; Trend: Price>EMA20>EMA50 alignment; Trend: 1h price above EMA20 (watching for alignment); Osc: RSI=50.4 in 45-65 healthy range (sustainable trend); Osc: StochK=52.9 above 50 (bullish range)",1h>EMA20 | 4h-slope=-4.4%,0.43
2025-11-22T21:24:45.052522,FETUSDT,STRONG_BUY,2,3,1,3,9,51.33664020272502,0.2706,-6.625,21284429.84188,Trend: Price reclaimed EMA20 support; Trend: MACD histogram positive & rising; Osc: RSI=51.3 in 45-65 healthy range (sustainable trend); Osc: StochK=58.5 above 50 (bullish range); Osc: StochRSI=84.7 staying strong above 80,4h-slope=-3.2%,0.6
2025-11-22T21:25:54.366892,ALLOUSDT,STRONG_BUY,3,4,2,1,10,58.98224389516951,0.1667,-7.697,18801449.08764,Trend: Price reclaimed EMA20 support; Trend: MACD histogram positive & rising; Trend: Momentum 0.00 & AO 0.0004 both bullish; Trend: 1h price above EMA20 (watching for alignment); Osc: RSI=59.0 in 45-65 healthy range (sustainable trend),1h>EMA20 | 4h-slope=-4.2%,1.29
2025-11-22T21:30:31.751474,FDUSDUSDT,STRONG_BUY,2,2,3,1,8,47.518210646678206,0.9969,0.0,154313415.3276,"Trend: ADX=83.3 strong, DI+>DI-; Trend: One of Momentum/AO turning positive; Osc: RSI=47.5 in 45-65 healthy range (sustainable trend); Osc: StochK=0.0 oversold, watching for turn; Osc: CCI=0.0 above zero",4h-slope=-0.0%,0.0
2025-11-22T21:30:31.752462,DOGEUSDT,STRONG_BUY,2,5,2,1,10,57.04735784516093,0.13984,-0.611,144536305.28298,"Trend: ADX=15.8 moderate, DI+>DI-; Trend: Price>EMA20>EMA50 alignment; Trend: One of Momentum/AO turning positive; Trend: 1h price above EMA20 (watching for alignment); Osc: RSI=57.0 in 45-65 healthy range (sustainable trend)",1h>EMA20 | 4h-slope=-2.4%,0.02
2025-11-22T21:30:31.756713,TIAUSDT,STRONG_BUY,2,4,2,1,9,49.21326997295185,0.62,-6.061,7658825.00544,Trend: Price reclaimed EMA20 support; Trend: MACD histogram positive & rising; Osc: RSI=49.2 in 45-65 healthy range (sustainable trend); Osc: StochK=61.5 above 50 (bullish range); Osc: CCI=1.3 above zero,4h-slope=-5.1%,0.05
2025-11-22T21:31:41.035102,WLFIUSDT,STRONG_BUY,5,4,2,0,11,58.489055979675534,0.1553,12.13,55277125.94076,"Trend: ADX=46.5 strong, DI+>DI-; Trend: Price>EMA20>EMA50 alignment; Trend: Momentum 0.00 & AO 0.0054 both bullish; Trend: 1h EMA stack confirms uptrend; Osc: RSI=58.5 in 45-65 healthy range (sustainable trend)",1h-stack | 4h-stack | 4h-slope=+3.8%,0.05
2025-11-22T21:31:41.036101,SUPERUSDT,STRONG_BUY,2,4,1,1,8,51.317017059055416,0.1999,-0.2,12546936.8985,"Trend: ADX=15.5 moderate, DI+>DI-; Trend: Price>EMA20>EMA50 alignment; Trend: One of Momentum/AO turning positive; Trend: 1h price above EMA20 (watching for alignment); Osc: RSI=51.3 in 45-65 healthy range (sustainable trend)",1h>EMA20 | 4h-slope=-3.0%,0.05
2025-11-22T21:32:52.486011,ARUSDT,STRONG_BUY,2,5,2,1,10,51.90001844248274,3.75,-0.794,5316617.7442,Trend: Price reclaimed EMA20 support; Trend: MACD histogram positive & rising; Trend: One of Momentum/AO turning positive; Osc: RSI=51.9 in 45-65 healthy range (sustainable trend); Osc: StochK=66.7 above 50 (bullish range),4h-slope=-2.3%,0.05
2025-11-22T21:34:02.638664,TRUMPUSDT,STRONG_BUY,2,5,2,1,10,51.69769443488453,6.285,-0.617,17036256.638055,Trend: Price reclaimed EMA20 support; Trend: MACD histogram positive & rising; Osc: RSI=51.7 in 45-65 healthy range (sustainable trend); Osc: StochK=72.6 above 50 (bullish range); Osc: CCI=37.1 above zero,4h-slope=-1.8%,0.18
2025-11-22T21:35:12.003206,ERAUSDT,STRONG_BUY,5,2,1,1,9,52.834302464236096,0.2658,3.707,6824605.07292,"Trend: ADX=28.8 strong, DI+>DI-; Trend: Price>EMA20>EMA50 alignment; Trend: Momentum 0.00 & AO 0.0050 both bullish; Trend: 1h EMA stack confirms uptrend; Osc: RSI=52.8 in 45-65 healthy range (sustainable trend)",1h-stack | 4h-stack | 4h-slope=+1.4%,0.02
2025-11-22T21:37:31.041197,BCHUSDT,STRONG_BUY,4,2,1,1,8,52.446227106510165,556.7,5.396,102674701.8302,"Trend: ADX=20.5 strong, DI+>DI-; Trend: Price>EMA20>EMA50 alignment; Trend: One of Momentum/AO turning positive; Trend: 1h EMA stack confirms uptrend; Osc: RSI=52.4 in 45-65 healthy range (sustainable trend)",1h-stack | 4h-stack | 4h-slope=+4.3%,0.21
2025-11-24T14:28:36.076252,XRPUSDT,WATCH,4,4,0,2,10,2,12,NORMAL,53.17963668823967,2.0759,1.012,269489255.54994,Trend: DI+ leading DI-; Trend: Price>EMA20>EMA50 stack intact; Trend: Momentum and AO both positive; Osc: RSI 53.2 in 50-65 sweet spot; Osc: StochK 51.3 > 50,1h>EMA20 | 1h-slope=+0.2% | 1h-MACD=-0.002 | 4h>EMA20 | 4h-slope=+1.0%,0.78
2025-11-24T14:28:36.086407,XLMUSDT,WATCH,2,1,4,2,9,0,9,PUMP_DUMP_RISK,46.113336509240256,0.2449,1.198,17872797.7506,Trend: DI+ leading DI-; Trend: Momentum and AO both positive; Osc: RSI 46.1 holding mid band; Vol: Volume spike 2.3x avg (strong); Vol: OBV tilting upward,1h-slope=-0.1% | 1h-MACD=-0.001 | 4h>EMA20 | 4h-slope=+1.4%,2.29
2025-11-24T14:28:36.089067,BCHUSDT,STRONG_BUY,3,4,3,2,12,1,13,NORMAL,52.57606763776177,546.5,-0.292,38185611.9641,Trend: DI+ leading DI-; Trend: Price above EMA20 while EMA20EMA50; Trend: Momentum and AO both positive; Osc: RSI 52.6 in 50-65 sweet spot; Osc: StochK 72.1 > 50,1h>EMA20 | 1h-slope=-0.2% | 1h-MACD=-0.403 | 4h-stack | 4h-slope=+1.2%,0.96
2025-11-24T14:28:36.091065,PAXGUSDT,WATCH,5,3,2,0,10,3,13,NORMAL,57.98871092611095,4072.16,0.59,28374724.8381,Trend: ADX 30.6 strong with DI+>DI-; Trend: Price>EMA20>EMA50 stack intact; Trend: Momentum and AO both positive; Osc: RSI 58.0 in 50-65 sweet spot; Osc: StochK 60.0 > 50,1h>EMA20 | 1h-slope=+0.2% | 1h-MACD=+3.356 | 4h>EMA20 | 4h-slope=+0.0%,0.63
2025-11-24T14:28:36.093228,NEARUSDT,ULTRA_BUY,4,4,4,3,15,3,18,NORMAL,68.10601782592033,1.916,3.233,28324048.6016,Trend: DI+ leading DI-; Trend: Price>EMA20>EMA50 stack intact; Trend: Momentum and AO both positive; Osc: RSI 68.1 holding mid band; Osc: StochK 75.7 > 50,1h>EMA20 | 1h-slope=+0.7% | 1h-MACD=+0.007 | 4h>EMA20 | 4h-slope=-1.4%,1.66
2025-11-24T14:28:36.095820,TAOUSDT,WATCH,3,2,2,1,8,0,8,NORMAL,45.073848597263,281.8,-2.693,49646995.19499,Trend: ADX 30.3 strong with DI+>DI-; Osc: RSI 45.1 holding mid band; Osc: Williams%R + UO rising confirmation; Vol: OBV tilting upward; Vol: Bull power 0.1293 vs Bear -1.6707 (bull bias),1h-slope=-1.1% | 1h-MACD=-1.785 | 4h-slope=-0.0%,0.97
2025-11-24T14:28:36.098282,TONUSDT,WATCH,3,3,2,0,8,3,11,NORMAL,53.93559678057723,1.486,-1.589,16040010.10237,Trend: DI+ leading DI-; Trend: Price>EMA20>EMA50 stack intact; Osc: RSI 53.9 in 50-65 sweet spot; Osc: Williams%R + UO rising confirmation; Vol: OBV up 3.4%/10 bars,1h>EMA20 | 1h-slope=+0.1% | 1h-MACD=+0.003 | 4h-slope=-1.8%,0.38
2025-11-24T14:28:36.100293,BFUSDUSDT,ULTRA_BUY,5,4,4,2,15,3,18,NORMAL,52.73724455565241,0.9999,0.0,20776658.7421,Trend: ADX 93.6 strong with DI+>DI-; Trend: Price>EMA20>EMA50 stack intact; Trend: MACD histogram positive & rising; Osc: RSI 52.7 in 50-65 sweet spot; Osc: StochK 100.0 > 50,1h>EMA20 | 1h-slope=+0.0% | 1h-MACD=+0.000 | 4h>EMA20 | 4h-slope=+0.0%,2.01
2025-11-24T15:00:30.513488,BTCUSDT,WATCH,3,4,1,2,10,0,10,NORMAL,51.520003361707666,86362.44,-0.194,1935741287.3347907,Trend: DI+ leading DI-; Trend: Price above EMA20 while EMA20EMA50; Trend: MACD histogram positive & rising; Osc: RSI 51.5 in 50-65 sweet spot; Osc: StochK 78.5 > 50,1h-slope=-0.3% | 1h-MACD=-139.317 | 4h-slope=+0.1%,0.09
2025-11-24T15:00:30.515025,ETHUSDT,STRONG_BUY,4,4,2,2,12,1,13,NORMAL,60.76126376066117,2838.99,0.85,1469645452.406431,Trend: DI+ leading DI-; Trend: Price above EMA20 while EMA20EMA50; Trend: MACD histogram positive & rising; Trend: Momentum and AO both positive; Osc: RSI 60.8 in 50-65 sweet spot,1h>EMA20 | 1h-slope=-0.0% | 1h-MACD=-0.863 | 4h>EMA20 | 4h-slope=+0.0%,0.14
2025-11-24T15:00:30.521518,LTCUSDT,WATCH,3,4,1,2,10,1,11,NORMAL,57.20312550561384,83.72,0.807,33923688.03011,Trend: DI+ leading DI-; Trend: Price above EMA20 while EMA20EMA50; Trend: MACD histogram positive & rising; Osc: RSI 57.2 in 50-65 sweet spot; Osc: StochK 100.0 > 50,1h>EMA20 | 1h-slope=-0.2% | 1h-MACD=-0.060 | 4h-slope=-0.6%,0.15
2025-11-24T15:00:30.521518,ADAUSDT,WATCH,3,5,0,2,10,1,11,NORMAL,54.30254229562272,0.4103,-0.34,54348999.12819,Trend: DI+ leading DI-; Trend: Price above EMA20 while EMA20EMA50; Trend: MACD histogram positive & rising; Osc: RSI 54.3 in 50-65 sweet spot; Osc: StochK 76.4 > 50,1h>EMA20 | 1h-slope=-0.3% | 1h-MACD=-0.001 | 4h-slope=-0.7%,0.16
2025-11-24T15:00:30.527892,XRPUSDT,WATCH,4,4,0,2,10,2,12,NORMAL,55.385225902165175,2.0802,1.946,282864661.15438,Trend: DI+ leading DI-; Trend: Price>EMA20>EMA50 stack intact; Trend: Momentum and AO both positive; Osc: RSI 55.4 in 50-65 sweet spot; Osc: StochK 61.0 > 50,1h>EMA20 | 1h-slope=+0.3% | 1h-MACD=-0.002 | 4h>EMA20 | 4h-slope=+1.1%,0.14
2025-11-24T15:00:30.528401,LINKUSDT,STRONG_BUY,3,5,2,2,12,1,13,NORMAL,56.62540165140274,12.58,0.479,44811208.0656,Trend: DI+ leading DI-; Trend: Price above EMA20 while EMA20EMA50; Trend: MACD histogram positive & rising; Osc: RSI 56.6 in 50-65 sweet spot; Osc: StochK 80.0 > 50,1h>EMA20 | 1h-slope=-0.1% | 1h-MACD=-0.017 | 4h>EMA20 | 4h-slope=+0.2%,0.11
2025-11-24T15:00:30.533873,FETUSDT,WATCH,3,4,2,2,11,2,13,NORMAL,60.19829690361925,0.2771,-3.517,16864168.64,Trend: DI+ leading DI-; Trend: Price above EMA20 while EMA20EMA50; Trend: MACD histogram positive & rising; Osc: RSI 60.2 in 50-65 sweet spot; Osc: StochK 97.4 > 50,1h>EMA20 | 1h-slope=-0.5% | 1h-MACD=+0.000 | 4h-slope=-1.4%,0.19
2025-11-24T15:00:30.536983,ZECUSDT,WATCH,4,3,2,2,11,1,12,NORMAL,67.31266428894625,567.01,-1.151,316329861.35795,Trend: DI+ leading DI-; Trend: Price above EMA20 while EMA20EMA50; Trend: MACD histogram positive & rising; Trend: Momentum and AO both positive; Osc: RSI 67.3 holding mid band,1h>EMA20 | 1h-slope=-0.6% | 1h-MACD=-0.071 | 4h-slope=-1.3%,0.1
2025-11-24T15:00:30.541435,DASHUSDT,WATCH,4,3,2,2,11,2,13,NORMAL,67.81887356065448,58.03,-2.454,21134349.3391,Trend: DI+ leading DI-; Trend: Price above EMA20 while EMA20EMA50; Trend: MACD histogram positive & rising; Trend: Momentum and AO both positive; Osc: RSI 67.8 holding mid band,1h>EMA20 | 1h-slope=-0.1% | 1h-MACD=+0.232 | 4h-slope=-3.9%,0.15
2025-11-24T15:00:30.545386,DOGEUSDT,WATCH,3,4,2,2,11,1,12,NORMAL,52.564066160303085,0.14585,0.663,141729329.5198,Trend: DI+ leading DI-; Trend: Price above EMA20 while EMA20EMA50; Trend: MACD histogram positive & rising; Osc: RSI 52.6 in 50-65 sweet spot; Osc: StochK 72.6 > 50,1h>EMA20 | 1h-slope=-0.1% | 1h-MACD=-0.000 | 4h>EMA20 | 4h-slope=+0.4%,0.15
2025-11-24T15:00:30.547386,BCHUSDT,WATCH,5,4,2,2,13,3,16,NORMAL,64.8847295931437,553.5,1.355,39191662.1242,Trend: DI+ leading DI-; Trend: Price>EMA20>EMA50 stack intact; Trend: MACD histogram positive & rising; Trend: Momentum and AO both positive; Osc: RSI 64.9 in 50-65 sweet spot,1h>EMA20 | 1h-slope=+0.1% | 1h-MACD=+0.419 | 4h-stack | 4h-slope=+1.3%,0.08
2025-11-24T15:00:30.551245,UNIUSDT,WATCH,3,5,2,2,12,0,12,NORMAL,54.13295361924378,6.185,-0.081,34194454.59831,Trend: DI+ leading DI-; Trend: Price above EMA20 while EMA20EMA50; Trend: MACD histogram positive & rising; Osc: RSI 54.1 in 50-65 sweet spot; Osc: StochK 87.3 > 50,1h-slope=-0.5% | 1h-MACD=-0.011 | 4h-slope=-1.1%,0.22
2025-11-24T15:00:30.555050,AAVEUSDT,WATCH,3,4,3,2,12,2,14,NORMAL,53.02967628260029,170.01,4.66,27962929.15335,Trend: DI+ leading DI-; Trend: Price above EMA20 while EMA20EMA50; Trend: MACD histogram positive & rising; Osc: RSI 53.0 in 50-65 sweet spot; Osc: StochK 79.2 > 50,1h>EMA20 | 1h-slope=+0.2% | 1h-MACD=-0.386 | 4h>EMA20 | 4h-slope=+1.6%,0.2
2025-11-24T15:00:30.557566,FILUSDT,WATCH,3,5,2,2,12,2,14,NORMAL,62.196556147546666,1.639,0.614,14844545.91554,Trend: DI+ leading DI-; Trend: Price above EMA20 while EMA20EMA50; Trend: MACD histogram positive & rising; Osc: RSI 62.2 in 50-65 sweet spot; Osc: StochK 98.1 > 50,1h>EMA20 | 1h-slope=-0.3% | 1h-MACD=+0.001 | 4h-slope=-1.4%,0.61
2025-11-24T15:00:30.561633,APTUSDT,WATCH,5,4,2,2,13,0,13,NORMAL,52.68743317057997,2.28,-2.062,11552547.47955,Trend: ADX 32.8 strong with DI+>DI-; Trend: Price above EMA20 while EMA20EMA50; Trend: MACD histogram positive & rising; Osc: RSI 52.7 in 50-65 sweet spot; Osc: StochK 77.6 > 50,1h-slope=-0.9% | 1h-MACD=-0.004 | 4h-slope=-2.5%,0.21
2025-11-24T15:00:30.567001,ARBUSDT,STRONG_BUY,4,5,2,2,13,3,16,NORMAL,60.49137987793923,0.2054,2.393,18038858.96229,Trend: DI+ leading DI-; Trend: Price above EMA20 while EMA20EMA50; Trend: MACD histogram positive & rising; Trend: Momentum and AO both positive; Osc: RSI 60.5 in 50-65 sweet spot,1h>EMA20 | 1h-slope=+0.1% | 1h-MACD=+0.000 | 4h-slope=-0.5%,0.44
2025-11-24T15:00:30.568999,SUIUSDT,STRONG_BUY,3,5,2,2,12,2,14,NORMAL,57.63413254560474,1.3889,2.419,71016608.2766,Trend: DI+ leading DI-; Trend: Price above EMA20 while EMA20EMA50; Trend: MACD histogram positive & rising; Osc: RSI 57.6 in 50-65 sweet spot; Osc: StochK 85.1 > 50,1h>EMA20 | 1h-slope=+0.0% | 1h-MACD=-0.000 | 4h-slope=-0.8%,0.53
2025-11-24T15:00:30.572292,WLDUSDT,WATCH,3,5,2,2,12,1,13,NORMAL,58.89332981256869,0.612,1.157,19732041.0477,Trend: DI+ leading DI-; Trend: Price above EMA20 while EMA20EMA50; Trend: MACD histogram positive & rising; Osc: RSI 58.9 in 50-65 sweet spot; Osc: StochK 100.0 > 50,1h>EMA20 | 1h-slope=-0.3% | 1h-MACD=-0.001 | 4h-slope=-0.5%,0.29
2025-11-24T15:00:30.572292,SEIUSDT,WATCH,3,4,2,1,10,0,10,NORMAL,54.446628771006885,0.133,0.987,13059026.88742,Trend: DI+ leading DI-; Trend: Price above EMA20 while EMA20EMA50; Trend: MACD histogram positive & rising; Osc: RSI 54.4 in 50-65 sweet spot; Osc: StochK 87.9 > 50,1h-slope=-0.4% | 1h-MACD=-0.000 | 4h-slope=-0.6%,0.42
2025-11-24T15:00:30.581268,STRKUSDT,WATCH,4,5,2,2,13,1,14,NORMAL,56.724069091264965,0.1413,-3.086,53446364.842662,Trend: ADX 31.1 strong with DI+>DI-; Trend: MACD histogram positive & rising; Osc: RSI 56.7 in 50-65 sweet spot; Osc: StochK 98.1 > 50; Osc: CCI 176 above 100,1h-slope=-1.8% | 1h-MACD=+0.000 | 4h-slope=-8.3%,0.28
2025-11-24T15:00:30.585413,WIFUSDT,STRONG_BUY,3,5,2,2,12,2,14,NORMAL,58.60721431997231,0.346,4.217,20327589.36291,Trend: DI+ leading DI-; Trend: Price above EMA20 while EMA20EMA50; Trend: MACD histogram positive & rising; Osc: RSI 58.6 in 50-65 sweet spot; Osc: StochK 75.0 > 50,1h>EMA20 | 1h-slope=+0.1% | 1h-MACD=-0.000 | 4h>EMA20 | 4h-slope=-0.4%,0.12
2025-11-24T15:00:30.588951,ENAUSDT,STRONG_BUY,5,4,2,2,13,3,16,NORMAL,61.71897485277108,0.2473,4.877,24085965.749289,Trend: DI+ leading DI-; Trend: Price>EMA20>EMA50 stack intact; Trend: MACD histogram positive & rising; Trend: Momentum and AO both positive; Osc: RSI 61.7 in 50-65 sweet spot,1h>EMA20 | 1h-slope=+0.5% | 1h-MACD=+0.000 | 4h>EMA20 | 4h-slope=+0.3%,0.62
2025-11-24T15:00:30.595243,TAOUSDT,WATCH,5,4,2,2,13,0,13,NORMAL,57.73303136730798,286.6,0.14,50566179.53663,Trend: ADX 27.3 strong with DI+>DI-; Trend: Price above EMA20 while EMA20EMA50; Trend: MACD histogram positive & rising; Trend: Momentum and AO both positive; Osc: RSI 57.7 in 50-65 sweet spot,1h-slope=-0.8% | 1h-MACD=-1.108 | 4h-slope=+0.1%,0.15
2025-11-24T15:00:30.597257,TONUSDT,WATCH,5,4,2,0,11,3,14,NORMAL,63.46515685079666,1.5,-0.266,16233477.87026,Trend: DI+ leading DI-; Trend: Price>EMA20>EMA50 stack intact; Trend: MACD histogram positive & rising; Trend: Momentum and AO both positive; Osc: RSI 63.5 in 50-65 sweet spot,1h>EMA20 | 1h-slope=+0.3% | 1h-MACD=+0.004 | 4h-slope=-1.7%,0.1
2025-11-24T15:00:30.604279,POLUSDT,WATCH,3,4,2,2,11,1,12,NORMAL,56.420417659032196,0.1337,-0.816,10749803.9631,Trend: DI+ leading DI-; Trend: Price above EMA20 while EMA20EMA50; Trend: MACD histogram positive & rising; Osc: RSI 56.4 in 50-65 sweet spot; Osc: StochK 86.7 > 50,1h>EMA20 | 1h-slope=-0.3% | 1h-MACD=-0.000 | 4h-slope=-0.8%,0.22
2025-11-24T15:00:30.605660,VIRTUALUSDT,WATCH,5,3,2,2,12,2,14,NORMAL,67.49767195226957,0.9106,2.165,13021939.62586,Trend: ADX 20.5 moderate with DI+>DI-; Trend: Price above EMA20 while EMA20EMA50; Trend: MACD histogram positive & rising; Trend: Momentum and AO both positive; Osc: RSI 67.5 holding mid band,1h>EMA20 | 1h-slope=-0.1% | 1h-MACD=+0.002 | 4h-slope=-1.8%,0.52
2025-11-24T15:00:30.611285,RESOLVUSDT,WATCH,5,4,0,0,9,3,12,LATE_PUMP,58.34722595693584,0.1406,15.625,11740688.36676,Trend: ADX 40.5 strong with DI+>DI-; Trend: Price>EMA20>EMA50 stack intact; Trend: Momentum and AO both positive; Osc: RSI 58.3 in 50-65 sweet spot; Osc: StochK 85.7 > 50,1h>EMA20 | 1h-slope=+2.6% | 1h-MACD=+0.001 | 4h>EMA20 | 4h-slope=+0.5%,0.07
2025-11-24T15:00:30.616528,XPLUSDT,WATCH,4,4,2,1,11,0,11,NORMAL,53.10692097937981,0.1826,-6.884,48367429.30055,Trend: ADX 36.6 strong with DI+>DI-; Trend: MACD histogram positive & rising; Osc: RSI 53.1 in 50-65 sweet spot; Osc: StochK 91.3 > 50; Osc: CCI 148 above 100,1h-slope=-2.2% | 1h-MACD=-0.000 | 4h-slope=-4.2%,0.23
2025-11-24T15:00:30.620337,ASTERUSDT,WATCH,3,4,2,1,10,1,11,NORMAL,52.313614424061846,1.118,3.807,120135536.54329,Trend: DI+ leading DI-; Trend: Price above EMA20 while EMA20EMA50; Trend: MACD histogram positive & rising; Osc: RSI 52.3 in 50-65 sweet spot; Osc: StochK 72.4 > 50,1h-slope=-0.4% | 1h-MACD=+0.001 | 4h-slope=-2.0%,0.34
2025-11-24T15:00:30.624570,GIGGLEUSDT,WATCH,4,4,1,1,10,0,10,NORMAL,56.1203718268998,104.55,-2.617,20773725.58051,Trend: ADX 23.0 moderate with DI+>DI-; Trend: Price above EMA20 while EMA20EMA50; Trend: MACD histogram positive & rising; Osc: RSI 56.1 in 50-65 sweet spot; Osc: StochK 84.5 > 50,1h-slope=-0.7% | 1h-MACD=-0.095 | 4h-slope=-1.8%,0.42
2025-11-24T15:01:40.943472,SOLUSDT,WATCH,5,4,2,2,13,1,14,NORMAL,56.98528138189022,130.71,-0.023,465685373.82583,Trend: ADX 21.2 moderate with DI+>DI-; Trend: Price above EMA20 while EMA20EMA50; Trend: MACD histogram positive & rising; Trend: Momentum and AO both positive; Osc: RSI 57.0 in 50-65 sweet spot,1h>EMA20 | 1h-slope=-0.3% | 1h-MACD=-0.180 | 4h-slope=+0.0%,0.51
2025-11-24T15:01:40.943472,ZENUSDT,WATCH,4,4,0,1,9,0,9,NORMAL,57.425646296651564,12.394,-0.594,25783139.78037,Trend: ADX 20.5 moderate with DI+>DI-; Trend: Price above EMA20 while EMA20EMA50; Trend: MACD histogram positive & rising; Osc: RSI 57.4 in 50-65 sweet spot; Osc: StochK 84.8 > 50,1h-slope=-0.8% | 1h-MACD=-0.018 | 4h-slope=-1.7%,0.35
2025-11-24T15:01:40.951702,DOTUSDT,WATCH,4,4,0,2,10,2,12,NORMAL,56.81501986801126,2.292,-1.079,14985513.00714,Trend: DI+ leading DI-; Trend: Price above EMA20 while EMA20EMA50; Trend: MACD histogram positive & rising; Trend: Momentum and AO both positive; Osc: RSI 56.8 in 50-65 sweet spot,1h>EMA20 | 1h-slope=-0.2% | 1h-MACD=+0.002 | 4h-slope=-1.9%,0.47
2025-11-24T15:01:40.955421,AVAXUSDT,WATCH,3,4,2,2,11,2,13,NORMAL,53.64627443353814,13.41,0.903,40578828.8977,Trend: DI+ leading DI-; Trend: Price above EMA20 while EMA20EMA50; Trend: MACD histogram positive & rising; Osc: RSI 53.6 in 50-65 sweet spot; Osc: StochK 60.0 > 50,1h>EMA20 | 1h-slope=+0.1% | 1h-MACD=-0.001 | 4h-slope=-0.3%,0.53
2025-11-24T15:01:40.959850,NEARUSDT,WATCH,4,3,0,2,9,3,12,NORMAL,59.699704812183356,1.901,3.035,31875809.1272,Trend: DI+ leading DI-; Trend: Price>EMA20>EMA50 stack intact; Trend: Momentum and AO both positive; Osc: RSI 59.7 in 50-65 sweet spot; Osc: StochK 53.5 > 50,1h>EMA20 | 1h-slope=+0.8% | 1h-MACD=+0.007 | 4h-slope=-1.5%,0.26
2025-11-24T15:01:40.962846,METUSDT,WATCH,4,5,2,1,12,2,14,NORMAL,58.93156535042352,0.2985,3.395,23810461.48994,Trend: ADX 24.5 moderate with DI+>DI-; Trend: Price above EMA20 while EMA20EMA50; Trend: MACD histogram positive & rising; Osc: RSI 58.9 in 50-65 sweet spot; Osc: StochK 95.7 > 50,1h>EMA20 | 1h-slope=-0.3% | 1h-MACD=+0.000 | 4h-slope=-2.4%,0.15
2025-11-24T15:02:52.815364,ICPUSDT,WATCH,2,3,2,1,8,0,8,NORMAL,47.78704752274018,3.956,-2.586,26482640.36102,Trend: ADX 20.1 moderate with DI+>DI-; Trend: MACD histogram positive & rising; Osc: RSI 47.8 holding mid band; Osc: StochK 67.9 > 50; Osc: Williams%R + UO rising confirmation,1h-slope=-1.4% | 1h-MACD=-0.017 | 4h-slope=-2.3%,0.37
2025-11-24T15:04:02.272634,TRXUSDT,WATCH,0,3,1,4,8,2,10,NORMAL,48.262095321990635,0.2765,0.619,68930930.56374,Osc: RSI 48.3 holding mid band; Osc: StochK 54.5 > 50; Osc: StochRSI above 50 and rising; Vol: Volume spike 1.4x avg; PA: EMA20 breakout confirmed,1h>EMA20 | 1h-slope=+0.0% | 1h-MACD=-0.000 | 4h-slope=-0.1%,1.41
