timestamp,symbol,label,trend_score,osc_score,vol_score,pa_score,total_score,rsi,price,change_24h,quote_vol_24h,reasons
2025-11-22T13:45:49.847606,USDEUSDT,STRONG_BUY,2,4,1,1,8,49.987683931423646,0.9993,0.01,81055200.4201,Trend: MACD hist positive; Trend: Momentum(0.00) & AO(0.0000) bullish; Trend: HTF (1h) trend confirms; Osc: RSI=50.0 in healthy zone; Osc: StochK=50.0 neutral
2025-11-22T13:45:50.586842,WLFIUSDT,STRONG_BUY,4,4,2,0,10,52.53869739765349,0.1426,15.559,65017048.21282,"Trend: ADX=16.9 moderate, DI+>DI-; Trend: Price>EMA20; Trend: MACD hist positive & rising; Osc: RSI=52.5 in healthy zone; Osc: CCI=77.4 positive"
2025-11-22T13:45:51.313214,2ZUSDT,STRONG_BUY,3,4,3,0,10,48.07353784290436,0.13285,13.073,35203248.99133,"Trend: ADX=16.9 moderate, DI+>DI-; Trend: Price>EMA20; Trend: MACD hist positive & rising; Osc: RSI=48.1 in healthy zone; Osc: StochK=75.7 bullish"
2025-11-22T13:45:52.057921,ZKCUSDT,STRONG_BUY,4,4,2,0,10,56.2006796413348,0.1495,10.659,19767663.34955,"Trend: ADX=16.8 moderate, DI+>DI-; Trend: Price>EMA20; Trend: MACD hist positive & rising; Osc: RSI=56.2 in healthy zone; Osc: CCI=208.2 strong bullish"
2025-11-22T14:11:06.999954,BTCUSDT,STRONG_BUY,3,5,3,2,13,52.37016647340536,84153.59,0.151,2642399379.3188305,"Trend: ADX=17.6 moderate, DI+>DI-; Trend: Price>EMA20; Trend: MACD hist positive & rising; Osc: RSI=52.4 in healthy zone; Osc: StochK=75.6 bullish"
2025-11-22T14:11:07.776215,ETHUSDT,STRONG_BUY,3,5,3,2,13,50.58209665711986,2729.88,-0.333,1513947555.980933,"Trend: ADX=25.1 strong, DI+>DI-; Trend: Price>EMA20; Trend: MACD hist positive; Osc: RSI=50.6 in healthy zone; Osc: StochK=66.1 bullish"
2025-11-22T14:11:08.526157,USDEUSDT,STRONG_BUY,2,3,3,1,9,49.98768393142365,0.9993,0.01,80585716.4975,Trend: MACD hist positive; Trend: Momentum(0.00) & AO(0.0000) bullish; Trend: HTF (1h) trend confirms; Osc: RSI=50.0 in healthy zone; Osc: StochK=50.0 neutral
2025-11-22T14:11:09.328780,WLFIUSDT,STRONG_BUY,4,5,2,0,11,56.72886150087169,0.1434,16.87,65291193.32617,"Trend: ADX=17.0 moderate, DI+>DI-; Trend: Price>EMA20; Trend: MACD hist positive & rising; Osc: RSI=56.7 in healthy zone; Osc: StochK=79.2 bullish"
2025-11-22T14:11:10.080958,WIFUSDT,STRONG_BUY,2,4,1,3,10,52.242544844711325,0.323,-3.869,44559012.20209,"Trend: ADX=18.3 moderate, DI+>DI-; Trend: Price>EMA20; Trend: Partial momentum bullish; Osc: RSI=52.2 in healthy zone; Osc: StochK=46.2 neutral"
2025-11-22T14:11:10.859034,HBARUSDT,STRONG_BUY,4,5,3,3,15,50.083786373352694,0.12801,-1.158,35738291.13577,"Trend: ADX=22.6 strong, DI+>DI-; Trend: Price>EMA20; Trend: MACD hist positive & rising; Osc: RSI=50.1 in healthy zone; Osc: StochK=53.5 bullish"
2025-11-22T14:11:14.641924,ICPUSDT,STRONG_BUY,3,4,3,1,11,46.98270151895003,4.116,-4.457,32209173.42249,"Trend: ADX=27.4 strong, DI+>DI-; Trend: MACD hist positive & rising; Osc: RSI=47.0 in healthy zone; Osc: StochK=47.0 neutral; Osc: StochRSI=57.7 rising"
2025-11-22T14:11:15.426055,WLDUSDT,STRONG_BUY,3,5,2,1,11,52.72637248611212,0.595,-0.668,31675579.0745,"Trend: ADX=15.0 moderate, DI+>DI-; Trend: Price>EMA20; Trend: MACD hist positive & rising; Osc: RSI=52.7 in healthy zone; Osc: StochK=66.7 bullish"
2025-11-22T14:11:16.202205,AAVEUSDT,STRONG_BUY,4,5,4,2,15,50.70403461787976,156.87,1.226,27740488.0424,"Trend: ADX=22.0 strong, DI+>DI-; Trend: Price>EMA20; Trend: MACD hist positive & rising; Osc: RSI=50.7 in healthy zone; Osc: StochK=56.4 bullish"
2025-11-22T14:11:16.972768,ZKCUSDT,ULTRA_BUY,5,4,3,2,14,60.07360024295472,0.1506,10.898,19987158.73677,"Trend: ADX=16.5 moderate, DI+>DI-; Trend: Price>EMA20; Trend: MACD hist positive & rising; Osc: RSI=60.1 in healthy zone; Osc: CCI=209.3 strong bullish"
2025-11-22T14:11:17.757246,WBTCUSDT,STRONG_BUY,3,5,3,2,13,52.495086109761026,84002.61,0.286,18765590.0632695,"Trend: ADX=17.4 moderate, DI+>DI-; Trend: Price>EMA20; Trend: MACD hist positive & rising; Osc: RSI=52.5 in healthy zone; Osc: StochK=77.0 bullish"
2025-11-22T14:11:21.566096,CAKEUSDT,STRONG_BUY,4,3,3,2,12,77.08355807923348,2.163,5.874,17035046.18965,"Trend: ADX=19.7 moderate, DI+>DI-; Trend: Price>EMA20>EMA50 alignment; Trend: MACD hist positive & rising; Osc: CCI=252.6 strong bullish; Osc: StochRSI=100.0 strong"
2025-11-22T14:11:22.326211,APTUSDT,STRONG_BUY,2,3,1,3,9,49.02725227839274,2.319,-7.277,16471333.45224,"Trend: ADX=25.1 strong, DI+>DI-; Trend: Price>EMA20; Osc: RSI=49.0 in healthy zone; Osc: StochK=55.0 bullish; Osc: StochRSI=73.0 rising"
2025-11-22T14:12:31.546099,TRXUSDT,STRONG_BUY,2,5,3,3,13,49.10022641552034,0.2748,-0.866,150969637.60336,Trend: Price>EMA20; Trend: MACD hist positive & rising; Osc: RSI=49.1 in healthy zone; Osc: StochK=71.4 bullish; Osc: CCI=30.7 positive
2025-11-22T14:12:32.376092,2ZUSDT,STRONG_BUY,4,3,3,2,12,67.67850390682545,0.14215,18.855,37675826.42785,"Trend: ADX=16.8 moderate, DI+>DI-; Trend: Price>EMA20; Trend: MACD hist positive & rising; Osc: StochK=55.5 bullish; Osc: CCI=327.2 strong bullish"
2025-11-22T14:12:33.255955,ENAUSDT,STRONG_BUY,2,4,2,4,12,50.805401035786524,0.2303,-2.457,33787318.36505,Trend: Price>EMA20; Trend: MACD hist positive & rising; Osc: RSI=50.8 in healthy zone; Osc: StochK=58.8 bullish; Osc: StochRSI=78.5 rising
2025-11-22T14:12:34.027915,OPUSDT,STRONG_BUY,2,5,3,3,13,52.814797771239775,0.3002,-6.538,19385801.081303,Trend: Price>EMA20; Trend: MACD hist positive & rising; Osc: RSI=52.8 in healthy zone; Osc: StochK=68.4 bullish; Osc: CCI=22.6 positive
2025-11-22T14:12:34.826394,0GUSDT,STRONG_BUY,6,4,3,2,15,71.55440212773594,1.327,4.736,16109452.75656,"Trend: ADX=26.1 strong, DI+>DI-; Trend: Price>EMA20>EMA50 alignment; Trend: MACD hist positive & rising; Osc: StochK=76.0 bullish; Osc: CCI=319.5 strong bullish"
2025-11-22T14:12:35.576014,SUPERUSDT,STRONG_BUY,4,4,3,3,14,51.873712465364875,0.1949,0.776,12110517.8692,"Trend: ADX=23.5 strong, DI+>DI-; Trend: Price>EMA20; Trend: MACD hist positive & rising; Osc: RSI=51.9 in healthy zone; Osc: StochK=46.5 neutral"
2025-11-22T14:12:39.345847,TONUSDT,STRONG_BUY,3,5,2,1,11,54.59719525518952,1.515,-0.525,11872722.3136,"Trend: ADX=16.6 moderate, DI+>DI-; Trend: Price>EMA20; Trend: MACD hist positive & rising; Osc: RSI=54.6 in healthy zone; Osc: StochK=73.7 bullish"
2025-11-22T14:12:40.217796,POLUSDT,STRONG_BUY,3,4,4,3,14,57.03911989329518,0.1319,-0.827,10930385.68081,"Trend: ADX=15.7 moderate, DI+>DI-; Trend: Price>EMA20; Trend: MACD hist positive & rising; Osc: RSI=57.0 in healthy zone; Osc: CCI=109.4 strong bullish"
2025-11-22T14:13:51.565701,LINKUSDT,STRONG_BUY,2,4,1,3,10,50.45603701116638,11.89,-1.164,66561709.5636,"Trend: ADX=20.0 moderate, DI+>DI-; Trend: Price>EMA20; Trend: MACD hist positive; Osc: RSI=50.5 in healthy zone; Osc: StochK=51.7 bullish"
2025-11-22T14:13:52.330821,ERAUSDT,STRONG_BUY,2,4,4,4,14,52.06512588138318,0.2522,-1.292,10866999.26628,Trend: Price>EMA20; Trend: MACD hist positive & rising; Osc: RSI=52.1 in healthy zone; Osc: StochK=60.4 bullish; Osc: CCI=61.2 positive
2025-11-22T14:13:53.095850,ARUSDT,STRONG_BUY,2,5,2,3,12,53.20592592737195,3.76,1.897,10113803.5762,"Trend: ADX=15.7 moderate, DI+>DI-; Trend: Price>EMA20; Trend: MACD hist positive; Osc: RSI=53.2 in healthy zone; Osc: StochK=55.6 bullish"
2025-11-22T14:13:53.899192,FFUSDT,STRONG_BUY,2,5,4,3,14,57.209979524257015,0.12613,-3.148,9829821.020059,Trend: Price>EMA20; Trend: MACD hist positive & rising; Trend: Partial momentum bullish; Osc: RSI=57.2 in healthy zone; Osc: StochK=72.5 bullish
2025-11-22T14:13:54.666043,INJUSDT,STRONG_BUY,4,4,0,2,10,61.894246740409706,5.4,-1.46,9731219.2875,"Trend: ADX=14.7 moderate, DI+>DI-; Trend: Price>EMA20; Trend: MACD hist positive & rising; Osc: RSI=61.9 in healthy zone; Osc: CCI=160.3 strong bullish"
2025-11-22T14:13:55.427067,SYRUPUSDT,STRONG_BUY,4,5,1,1,11,54.67157862563845,0.2925,2.273,9500622.03186,"Trend: ADX=20.6 strong, DI+>DI-; Trend: Price>EMA20>EMA50 alignment; Trend: MACD hist positive; Osc: RSI=54.7 in healthy zone; Osc: StochK=60.5 bullish"
2025-11-22T14:13:59.199007,ONDOUSDT,STRONG_BUY,3,5,3,3,14,52.29070591051374,0.4596,-1.161,9113013.99156,"Trend: ADX=16.6 moderate, DI+>DI-; Trend: Price>EMA20; Trend: MACD hist positive & rising; Osc: RSI=52.3 in healthy zone; Osc: StochK=66.1 bullish"
2025-11-22T14:13:59.945669,SOMIUSDT,STRONG_BUY,3,5,1,3,12,52.77024584506005,0.2652,4.082,9011727.04266,"Trend: ADX=14.9 moderate, DI+>DI-; Trend: Price>EMA20; Trend: MACD hist positive & rising; Osc: RSI=52.8 in healthy zone; Osc: StochK=61.4 bullish"
2025-11-22T14:15:12.047305,SOLUSDT,STRONG_BUY,2,5,2,1,10,52.90744043312694,126.67,-0.189,524998435.05661,Trend: Price>EMA20; Trend: MACD hist positive & rising; Trend: Partial momentum bullish; Osc: RSI=52.9 in healthy zone; Osc: StochK=67.4 bullish
2025-11-22T14:15:12.875660,XRPUSDT,STRONG_BUY,2,5,2,1,10,51.50576224264596,1.9163,-0.509,341559121.07958,Trend: Price>EMA20; Trend: MACD hist positive & rising; Osc: RSI=51.5 in healthy zone; Osc: StochK=74.1 bullish; Osc: CCI=75.6 positive
2025-11-22T14:15:13.661640,BNBUSDT,STRONG_BUY,4,5,2,1,12,52.90985632002324,824.24,0.571,236220990.17919,"Trend: ADX=23.4 strong, DI+>DI-; Trend: Price>EMA20; Trend: MACD hist positive & rising; Osc: RSI=52.9 in healthy zone; Osc: StochK=53.4 bullish"
2025-11-22T14:15:14.486445,SUIUSDT,STRONG_BUY,2,5,2,1,10,50.963894475727585,1.3429,-2.871,96174803.65125,Trend: Price>EMA20; Trend: MACD hist positive & rising; Osc: RSI=51.0 in healthy zone; Osc: StochK=64.4 bullish; Osc: CCI=42.2 positive
2025-11-22T14:15:15.265610,UNIUSDT,STRONG_BUY,2,5,1,1,9,45.3429235565352,6.111,-2.877,47926065.78603,Trend: MACD hist positive & rising; Trend: Partial momentum bullish; Osc: RSI=45.3 in healthy zone; Osc: StochK=51.3 bullish; Osc: CCI=6.4 positive
2025-11-22T14:15:16.061422,BFUSDUSDT,STRONG_BUY,3,4,1,2,10,53.65333108786366,1.0,0.0,34415727.954,Trend: Price>EMA20>EMA50 alignment; Trend: MACD hist positive; Trend: Momentum(0.00) & AO(0.0000) bullish; Osc: RSI=53.7 in healthy zone; Osc: CCI=83.3 positive
2025-11-22T14:15:19.862819,FETUSDT,STRONG_BUY,2,5,2,1,10,47.7575506763082,0.2718,-1.092,32232833.60599,Trend: Price>EMA20; Trend: MACD hist positive & rising; Trend: Partial momentum bullish; Osc: RSI=47.8 in healthy zone; Osc: StochK=67.1 bullish
2025-11-22T14:15:20.638571,ARBUSDT,STRONG_BUY,2,5,2,1,10,51.92537764912689,0.1986,-2.119,24171611.45953,Trend: Price>EMA20; Trend: MACD hist positive & rising; Osc: RSI=51.9 in healthy zone; Osc: StochK=66.7 bullish; Osc: CCI=38.5 positive
2025-11-22T14:15:21.408524,XLMUSDT,STRONG_BUY,2,4,2,1,9,49.6521685193248,0.2287,0.351,12609700.1376,Trend: Price>EMA20; Trend: MACD hist positive & rising; Osc: RSI=49.7 in healthy zone; Osc: StochK=50.0 neutral; Osc: CCI=17.0 positive
2025-11-22T14:15:22.184876,ETHFIUSDT,STRONG_BUY,2,4,2,1,9,49.38243642665849,0.691,-4.294,11929761.0497,Trend: Price>EMA20; Trend: MACD hist positive & rising; Osc: RSI=49.4 in healthy zone; Osc: StochK=50.0 neutral; Osc: StochRSI=70.8 rising
2025-11-22T14:15:22.975893,MIRAUSDT,STRONG_BUY,4,5,2,0,11,59.18095189532765,0.177,13.099,11801026.57783,"Trend: ADX=17.6 moderate, DI+>DI-; Trend: Price>EMA20; Trend: MACD hist positive & rising; Osc: RSI=59.2 in healthy zone; Osc: StochK=76.5 bullish"
2025-11-22T14:15:26.775893,MITOUSDT,STRONG_BUY,6,4,2,0,12,60.48112784460031,0.08521,9.118,8890797.003541,"Trend: ADX=24.4 strong, DI+>DI-; Trend: Price>EMA20; Trend: MACD hist positive & rising; Osc: RSI=60.5 in healthy zone; Osc: CCI=154.4 strong bullish"
2025-11-22T14:15:27.554168,EIGENUSDT,STRONG_BUY,2,5,2,1,10,50.63598250859162,0.561,-1.923,8226693.00862,Trend: Price>EMA20; Trend: MACD hist positive & rising; Osc: RSI=50.6 in healthy zone; Osc: StochK=61.1 bullish; Osc: CCI=24.4 positive
2025-11-22T14:15:28.315824,RENDERUSDT,STRONG_BUY,2,5,2,1,10,53.43965788387051,1.678,-1.814,7982620.26031,Trend: Price>EMA20; Trend: MACD hist positive & rising; Osc: RSI=53.4 in healthy zone; Osc: StochK=66.0 bullish; Osc: CCI=44.7 positive
2025-11-22T14:15:29.140293,BATUSDT,ULTRA_BUY,4,5,2,1,12,59.86724047823122,0.187,11.243,7145259.3861,"Trend: ADX=17.9 moderate, DI+>DI-; Trend: Price>EMA20>EMA50 alignment; Trend: MACD hist positive; Osc: RSI=59.9 in healthy zone; Osc: StochK=77.9 bullish"
2025-11-22T14:15:30.040002,TREEUSDT,STRONG_BUY,3,5,2,1,11,48.24996640083726,0.1395,-0.641,6710751.60243,"Trend: ADX=18.5 moderate, DI+>DI-; Trend: Price>EMA20; Trend: MACD hist positive & rising; Osc: RSI=48.2 in healthy zone; Osc: StochK=70.0 bullish"
2025-11-22T14:16:43.245897,DOGEUSDT,STRONG_BUY,3,4,1,3,11,60.27585975914693,0.13922,0.0,213327531.31645,"Trend: ADX=16.0 moderate, DI+>DI-; Trend: Price>EMA20; Trend: MACD hist positive & rising; Osc: RSI=60.3 in healthy zone; Osc: CCI=126.3 strong bullish"
2025-11-22T14:16:43.995735,ADAUSDT,STRONG_BUY,2,5,1,3,11,50.96401065692405,0.3995,-1.212,76993320.84723,Trend: Price>EMA20; Trend: MACD hist positive & rising; Osc: RSI=51.0 in healthy zone; Osc: StochK=63.0 bullish; Osc: CCI=15.4 positive
2025-11-22T14:16:44.765024,PAXGUSDT,ULTRA_BUY,3,5,3,2,13,54.39537521388541,4060.96,-0.209,48651600.907091,"Trend: ADX=21.9 strong, DI+>DI-; Trend: Price>EMA20; Trend: MACD hist positive; Osc: RSI=54.4 in healthy zone; Osc: StochK=76.1 bullish"
2025-11-22T14:16:45.555988,DASHUSDT,STRONG_BUY,5,5,2,0,12,53.88040073517128,55.75,-14.402,46560302.5197,"Trend: ADX=21.4 strong, DI+>DI-; Trend: Price>EMA20; Trend: MACD hist positive & rising; Osc: RSI=53.9 in healthy zone; Osc: StochK=64.2 bullish"
2025-11-22T14:16:46.312418,NEARUSDT,STRONG_BUY,3,5,1,1,10,54.189357848750326,1.844,-3.556,46451844.4053,"Trend: ADX=16.2 moderate, DI+>DI-; Trend: Price>EMA20; Trend: MACD hist positive & rising; Osc: RSI=54.2 in healthy zone; Osc: StochK=73.2 bullish"
2025-11-22T14:16:47.111064,TRUMPUSDT,STRONG_BUY,2,5,3,3,13,52.75728636099175,6.297,0.994,22503884.313087,Trend: Price>EMA20; Trend: MACD hist positive & rising; Osc: RSI=52.8 in healthy zone; Osc: StochK=73.9 bullish; Osc: CCI=53.7 positive
2025-11-22T14:16:51.125575,VIRTUALUSDT,STRONG_BUY,4,5,3,3,15,52.576467014079704,0.8824,-3.563,19323504.24032,"Trend: ADX=24.8 strong, DI+>DI-; Trend: Price>EMA20; Trend: MACD hist positive & rising; Osc: RSI=52.6 in healthy zone; Osc: StochK=62.6 bullish"
2025-11-22T14:16:51.892677,SEIUSDT,STRONG_BUY,3,5,3,3,14,52.89369942049375,0.1315,-0.605,16921292.98703,"Trend: ADX=14.6 moderate, DI+>DI-; Trend: Price>EMA20; Trend: MACD hist positive & rising; Osc: RSI=52.9 in healthy zone; Osc: StochK=67.4 bullish"
2025-11-22T14:16:52.708944,ZKUSDT,STRONG_BUY,2,5,1,3,11,52.4304696389412,0.0393,-4.31,14313402.830455,Trend: Price>EMA20; Trend: MACD hist positive & rising; Osc: RSI=52.4 in healthy zone; Osc: StochK=68.2 bullish; Osc: CCI=28.9 positive
2025-11-22T14:16:53.465620,CRVUSDT,STRONG_BUY,4,4,2,1,11,56.115471350676366,0.3724,-0.957,13487850.16823,"Trend: ADX=26.3 strong, DI+>DI-; Trend: Price>EMA20; Trend: MACD hist positive & rising; Osc: RSI=56.1 in healthy zone; Osc: CCI=119.7 strong bullish"
2025-11-22T14:16:54.355846,AVNTUSDT,STRONG_BUY,4,5,1,3,13,51.2390717990071,0.3933,-1.626,12992062.96895,"Trend: ADX=23.2 strong, DI+>DI-; Trend: Price>EMA20; Trend: MACD hist positive & rising; Osc: RSI=51.2 in healthy zone; Osc: StochK=79.6 bullish"
2025-11-22T14:16:58.213441,LDOUSDT,STRONG_BUY,3,4,2,1,10,59.094864191316596,0.6186,1.76,11439758.690336,Trend: Price>EMA20; Trend: MACD hist positive & rising; Trend: Momentum(0.00) & AO(0.0006) bullish; Osc: RSI=59.1 in healthy zone; Osc: CCI=172.8 strong bullish
2025-11-22T14:16:58.982108,SUSDT,STRONG_BUY,3,4,2,1,10,58.77786913429758,0.1049,0.768,7501007.87351,"Trend: ADX=15.8 moderate, DI+>DI-; Trend: Price>EMA20; Trend: MACD hist positive & rising; Osc: RSI=58.8 in healthy zone; Osc: CCI=119.2 strong bullish"
2025-11-22T14:16:59.758068,WCTUSDT,STRONG_BUY,4,5,3,3,15,49.46596400798877,0.1184,-12.941,6368691.86026,"Trend: ADX=45.9 strong, DI+>DI-; Trend: Price>EMA20; Trend: MACD hist positive & rising; Osc: RSI=49.5 in healthy zone; Osc: StochK=72.2 bullish"
2025-11-22T14:17:00.585799,NMRUSDT,STRONG_BUY,4,4,2,0,10,57.31732335249916,11.07,-7.364,6086970.2838,"Trend: ADX=15.5 moderate, DI+>DI-; Trend: Price>EMA20; Trend: MACD hist positive & rising; Osc: RSI=57.3 in healthy zone; Osc: StochK=61.3 bullish"
2025-11-22T14:17:01.346083,ALGOUSDT,STRONG_BUY,4,4,2,1,11,55.13491142343256,0.1354,-0.147,5694922.7079,"Trend: ADX=23.5 strong, DI+>DI-; Trend: Price>EMA20; Trend: MACD hist positive & rising; Osc: RSI=55.1 in healthy zone; Osc: CCI=111.2 strong bullish"
2025-11-22T14:17:05.138376,ATOMUSDT,STRONG_BUY,3,4,2,1,10,56.71345031707734,2.489,-2.2,5593235.44546,"Trend: ADX=16.3 moderate, DI+>DI-; Trend: Price>EMA20; Trend: MACD hist positive & rising; Osc: RSI=56.7 in healthy zone; Osc: CCI=105.7 strong bullish"
2025-11-22T14:17:05.895905,CFXUSDT,ULTRA_BUY,5,4,2,1,12,61.31640439604624,0.0817,1.114,5428072.6789,"Trend: ADX=23.7 strong, DI+>DI-; Trend: Price>EMA20; Trend: MACD hist positive & rising; Osc: RSI=61.3 in healthy zone; Osc: CCI=205.0 strong bullish"
2025-11-22T14:17:06.672623,MAVUSDT,STRONG_BUY,4,3,2,0,9,74.00198323596179,0.02675,8.3,5369337.20762,"Trend: ADX=15.7 moderate, DI+>DI-; Trend: Price>EMA20>EMA50 alignment; Trend: MACD hist positive & rising; Osc: CCI=324.4 strong bullish; Osc: StochRSI=100.0 strong"
2025-11-22T14:17:07.471853,DYDXUSDT,STRONG_BUY,4,3,2,1,10,65.48889029642123,0.2397,-1.236,5248672.069274,"Trend: ADX=16.4 moderate, DI+>DI-; Trend: Price>EMA20; Trend: MACD hist positive & rising; Osc: CCI=230.4 strong bullish; Osc: StochRSI=100.0 strong"
2025-11-22T14:18:15.326990,FILUSDT,STRONG_BUY,4,5,2,1,12,52.396165336906996,1.62,-1.28,20855581.87359,"Trend: ADX=25.6 strong, DI+>DI-; Trend: Price>EMA20; Trend: MACD hist positive & rising; Osc: RSI=52.4 in healthy zone; Osc: StochK=65.8 bullish"
2025-11-22T14:18:16.107312,WBETHUSDT,STRONG_BUY,4,5,1,1,11,54.97078011027824,2966.2,0.49,5525636.332748,"Trend: ADX=26.4 strong, DI+>DI-; Trend: Price>EMA20; Trend: MACD hist positive & rising; Osc: RSI=55.0 in healthy zone; Osc: StochK=70.2 bullish"
2025-11-22T14:19:23.145569,BCHUSDT,STRONG_BUY,2,4,2,0,8,55.12288264987701,547.5,16.119,108251282.4121,Trend: Price>EMA20>EMA50 alignment; Trend: Partial momentum bullish; Trend: HTF (1h) trend confirms; Osc: RSI=55.1 in healthy zone; Osc: StochK=36.1 neutral
2025-11-22T14:19:23.944956,METUSDT,STRONG_BUY,2,5,1,1,9,51.82743022066455,0.3102,-0.609,30909111.73694,Trend: Price>EMA20; Trend: MACD hist positive & rising; Osc: RSI=51.8 in healthy zone; Osc: StochK=60.5 bullish; Osc: CCI=26.1 positive
2025-11-22T14:22:42.470985,PNUTUSDT,STRONG_BUY,4,5,3,2,14,53.37877672342439,0.0808,-1.942,5199819.80261,"Trend: ADX=24.9 strong, DI+>DI-; Trend: Price>EMA20; Trend: MACD hist positive & rising; Osc: RSI=53.4 in healthy zone; Osc: StochK=71.4 bullish"
2025-11-22T14:23:49.459419,DOTUSDT,STRONG_BUY,3,5,1,1,10,53.68004203878548,2.303,-3.479,17702150.74643,"Trend: ADX=19.8 moderate, DI+>DI-; Trend: Price>EMA20; Trend: MACD hist positive & rising; Osc: RSI=53.7 in healthy zone; Osc: StochK=73.4 bullish"
2025-11-22T14:26:01.490653,XPLUSDT,STRONG_BUY,2,5,1,3,11,52.438093248657566,0.2022,-4.623,39507347.05018,Trend: Price>EMA20; Trend: MACD hist positive & rising; Osc: RSI=52.4 in healthy zone; Osc: StochK=63.5 bullish; Osc: CCI=17.5 positive
2025-11-22T14:30:26.472470,FDUSDUSDT,STRONG_BUY,2,3,3,1,9,51.19849104242738,0.9968,-0.01,236564570.2474,Trend: Price>EMA20; Trend: MACD hist positive & rising; Trend: Partial momentum bullish; Osc: RSI=51.2 in healthy zone; Osc: StochRSI=100.0 strong
2025-11-22T14:38:07.762269,TAOUSDT,STRONG_BUY,3,5,1,1,10,50.77068689536298,269.5,-4.297,36668291.30641,"Trend: ADX=19.2 moderate, DI+>DI-; Trend: Price>EMA20; Trend: MACD hist positive & rising; Osc: RSI=50.8 in healthy zone; Osc: StochK=62.8 bullish"
2025-11-22T14:40:08.512840,BTCUSDT,STRONG_BUY,4,4,2,1,11,59.30781440347515,84529.79,-0.396,2487151830.5342736,"Trend: ADX=18.8 moderate, DI+>DI-; Trend: Price>EMA20; Trend: MACD hist positive & rising; Osc: RSI=59.3 in healthy zone; Osc: CCI=174.8 strong bullish"
2025-11-22T14:40:09.337839,ETHUSDT,STRONG_BUY,4,4,2,1,11,58.510941743277534,2746.58,-0.387,1436804866.298534,"Trend: ADX=26.8 strong, DI+>DI-; Trend: Price>EMA20; Trend: MACD hist positive & rising; Osc: RSI=58.5 in healthy zone; Osc: CCI=161.1 strong bullish"
2025-11-22T14:40:10.176612,SOLUSDT,STRONG_BUY,3,5,2,1,11,54.1337056262296,126.89,-1.245,506336432.11252,"Trend: ADX=16.4 moderate, DI+>DI-; Trend: Price>EMA20; Trend: MACD hist positive & rising; Osc: RSI=54.1 in healthy zone; Osc: StochK=73.3 bullish"
2025-11-22T14:40:10.961587,XRPUSDT,STRONG_BUY,4,4,2,1,11,55.46083782588889,1.9241,-1.202,327229123.99298,"Trend: ADX=26.8 strong, DI+>DI-; Trend: Price>EMA20; Trend: MACD hist positive & rising; Osc: RSI=55.5 in healthy zone; Osc: CCI=124.3 strong bullish"
2025-11-22T14:40:11.783669,FDUSDUSDT,STRONG_BUY,2,3,3,1,9,51.19849104242738,0.9967,-0.03,228569834.8813,Trend: Price>EMA20; Trend: MACD hist positive & rising; Trend: Partial momentum bullish; Osc: RSI=51.2 in healthy zone; Osc: StochRSI=100.0 strong
2025-11-22T14:40:12.522455,BNBUSDT,STRONG_BUY,4,5,2,1,12,52.352532213075,824.37,-0.357,227367081.08873,"Trend: ADX=21.7 strong, DI+>DI-; Trend: Price>EMA20; Trend: MACD hist positive & rising; Osc: RSI=52.4 in healthy zone; Osc: StochK=52.3 bullish"
2025-11-22T14:40:16.321262,DOGEUSDT,STRONG_BUY,3,4,2,1,10,58.41102117653235,0.13874,-1.568,208025009.57527,"Trend: ADX=15.6 moderate, DI+>DI-; Trend: Price>EMA20; Trend: MACD hist positive & rising; Osc: RSI=58.4 in healthy zone; Osc: CCI=115.8 strong bullish"
2025-11-22T14:40:17.110732,TRXUSDT,STRONG_BUY,4,4,2,1,11,53.092065007283566,0.275,-0.901,147054561.46136,"Trend: ADX=25.8 strong, DI+>DI-; Trend: Price>EMA20; Trend: MACD hist positive & rising; Osc: RSI=53.1 in healthy zone; Osc: CCI=116.3 strong bullish"
2025-11-22T14:40:17.917816,BCHUSDT,STRONG_BUY,3,4,2,0,9,57.913294113495894,550.3,13.839,106340444.9602,"Trend: ADX=14.4 moderate, DI+>DI-; Trend: Price>EMA20>EMA50 alignment; Trend: Partial momentum bullish; Osc: RSI=57.9 in healthy zone; Osc: StochK=43.6 neutral"
2025-11-22T14:40:18.694612,SUIUSDT,STRONG_BUY,4,5,3,1,13,50.34303042410096,1.3423,-4.245,93029417.1343,"Trend: ADX=21.3 strong, DI+>DI-; Trend: Price>EMA20; Trend: MACD hist positive & rising; Osc: RSI=50.3 in healthy zone; Osc: StochK=62.4 bullish"
2025-11-22T14:40:19.466018,USDEUSDT,ULTRA_BUY,3,3,3,3,12,58.98532208929161,0.9994,0.01,80446060.0814,Trend: Price>EMA20>EMA50 alignment; Trend: MACD hist positive; Trend: Momentum(0.00) & AO(0.0000) bullish; Osc: RSI=59.0 in healthy zone; Osc: CCI=97.8 positive
2025-11-22T14:40:23.312289,ADAUSDT,STRONG_BUY,2,5,3,1,11,50.17649412396972,0.3986,-2.946,75095211.88709,Trend: Price>EMA20; Trend: MACD hist positive & rising; Trend: Partial momentum bullish; Osc: RSI=50.2 in healthy zone; Osc: StochK=60.0 bullish
2025-11-22T14:40:24.081455,WLFIUSDT,STRONG_BUY,5,5,2,0,12,59.81496053482884,0.1442,15.916,66907799.62106,"Trend: ADX=15.9 moderate, DI+>DI-; Trend: Price>EMA20>EMA50 alignment; Trend: MACD hist positive & rising; Osc: RSI=59.8 in healthy zone; Osc: StochK=71.3 bullish"
2025-11-22T14:40:24.838455,LINKUSDT,STRONG_BUY,3,5,2,1,11,54.701047519856075,11.95,-1.888,64504142.173,"Trend: ADX=18.7 moderate, DI+>DI-; Trend: Price>EMA20; Trend: MACD hist positive & rising; Osc: RSI=54.7 in healthy zone; Osc: StochK=72.4 bullish"
2025-11-22T14:40:25.625805,UNIUSDT,STRONG_BUY,4,3,3,1,11,44.52106118214702,6.109,-3.81,47221611.21744,"Trend: ADX=35.2 strong, DI+>DI-; Trend: MACD hist positive & rising; Trend: Partial momentum bullish; Osc: RSI=44.5 oversold bounce; Osc: StochK=48.7 neutral"
2025-11-22T14:40:26.423852,PAXGUSDT,STRONG_BUY,4,5,2,1,12,52.620772175104165,4060.39,0.0,45737074.733191,"Trend: ADX=22.0 strong, DI+>DI-; Trend: Price>EMA20; Trend: MACD hist positive & rising; Osc: RSI=52.6 in healthy zone; Osc: StochK=65.3 bullish"
2025-11-22T14:40:30.207082,NEARUSDT,STRONG_BUY,2,4,1,1,8,47.523265818382114,1.827,-5.091,45182791.1478,"Trend: ADX=15.2 moderate, DI+>DI-; Trend: MACD hist positive & rising; Osc: RSI=47.5 in healthy zone; Osc: StochK=46.4 neutral; Osc: StochRSI=61.1 rising"
2025-11-22T14:40:30.980752,2ZUSDT,ULTRA_BUY,5,5,3,1,14,62.747432886764656,0.1432,18.661,38959889.37987,"Trend: ADX=17.3 moderate, DI+>DI-; Trend: Price>EMA20; Trend: MACD hist positive & rising; Osc: RSI=62.7 in healthy zone; Osc: StochK=59.5 bullish"
2025-11-22T14:40:31.758542,TAOUSDT,STRONG_BUY,3,5,1,1,10,51.867898615818085,270.1,-3.845,36514334.62177,"Trend: ADX=19.2 moderate, DI+>DI-; Trend: Price>EMA20; Trend: MACD hist positive & rising; Osc: RSI=51.9 in healthy zone; Osc: StochK=67.0 bullish"
2025-11-22T14:40:32.516108,HBARUSDT,STRONG_BUY,4,4,2,1,11,57.311428434260954,0.1292,-1.231,34635146.42348,"Trend: ADX=22.1 strong, DI+>DI-; Trend: Price>EMA20; Trend: MACD hist positive & rising; Osc: RSI=57.3 in healthy zone; Osc: CCI=125.7 strong bullish"
2025-11-22T14:40:33.281439,ENAUSDT,STRONG_BUY,4,5,2,1,12,53.19984444111609,0.2312,-3.627,32947222.94489,"Trend: ADX=29.7 strong, DI+>DI-; Trend: Price>EMA20; Trend: MACD hist positive & rising; Osc: RSI=53.2 in healthy zone; Osc: StochK=68.8 bullish"
2025-11-22T14:40:34.025516,ICPUSDT,STRONG_BUY,4,5,2,1,12,53.09125627027936,4.153,-3.553,31643497.92906,"Trend: ADX=25.8 strong, DI+>DI-; Trend: Price>EMA20; Trend: MACD hist positive & rising; Osc: RSI=53.1 in healthy zone; Osc: StochK=73.9 bullish"
2025-11-22T14:40:34.757577,FETUSDT,STRONG_BUY,4,5,2,1,12,50.43785803040178,0.2734,-3.392,31020390.09399,"Trend: ADX=32.5 strong, DI+>DI-; Trend: Price>EMA20; Trend: MACD hist positive & rising; Osc: RSI=50.4 in healthy zone; Osc: StochK=71.1 bullish"
2025-11-22T14:40:35.511874,WLDUSDT,ULTRA_BUY,4,5,2,1,12,58.56438354590219,0.601,-0.825,30936991.6916,"Trend: ADX=14.9 moderate, DI+>DI-; Trend: Price>EMA20; Trend: MACD hist positive & rising; Osc: RSI=58.6 in healthy zone; Osc: StochK=76.5 bullish"
2025-11-22T14:40:36.254315,METUSDT,STRONG_BUY,2,5,1,3,11,51.952462653389354,0.3103,-1.367,30528979.60095,Trend: Price>EMA20; Trend: MACD hist positive & rising; Trend: Partial momentum bullish; Osc: RSI=52.0 in healthy zone; Osc: StochK=60.5 bullish
2025-11-22T14:40:37.000092,ZENUSDT,STRONG_BUY,2,4,1,3,10,54.631260902848304,12.434,-3.799,30400154.0094,"Trend: ADX=19.1 moderate, DI+>DI-; Trend: Price>EMA20; Trend: Partial momentum bullish; Osc: RSI=54.6 in healthy zone; Osc: StochK=59.8 bullish"
2025-11-22T14:40:37.739391,AAVEUSDT,STRONG_BUY,4,4,2,1,11,58.00455653802872,158.29,1.247,26656543.0408,"Trend: ADX=21.8 strong, DI+>DI-; Trend: Price>EMA20; Trend: MACD hist positive & rising; Osc: RSI=58.0 in healthy zone; Osc: CCI=149.4 strong bullish"
2025-11-22T14:40:38.481457,ARBUSDT,STRONG_BUY,3,5,2,1,11,54.23309681088146,0.1991,-3.63,23062014.92415,"Trend: ADX=18.6 moderate, DI+>DI-; Trend: Price>EMA20; Trend: MACD hist positive & rising; Osc: RSI=54.2 in healthy zone; Osc: StochK=77.1 bullish"
2025-11-22T14:40:39.234975,TRUMPUSDT,STRONG_BUY,2,5,3,1,11,52.309253077658255,6.296,0.287,21770237.016215,Trend: Price>EMA20; Trend: MACD hist positive & rising; Trend: Partial momentum bullish; Osc: RSI=52.3 in healthy zone; Osc: StochK=71.3 bullish
2025-11-22T14:40:39.970497,FILUSDT,STRONG_BUY,4,4,2,1,11,56.07763613364436,1.627,-2.575,20256851.51827,"Trend: ADX=24.4 strong, DI+>DI-; Trend: Price>EMA20; Trend: MACD hist positive & rising; Osc: RSI=56.1 in healthy zone; Osc: CCI=119.7 strong bullish"
2025-11-22T14:40:40.723332,ZKCUSDT,STRONG_BUY,5,5,2,0,12,59.29522282974381,0.1501,6.681,19880297.53878,"Trend: ADX=15.9 moderate, DI+>DI-; Trend: Price>EMA20; Trend: MACD hist positive & rising; Osc: RSI=59.3 in healthy zone; Osc: StochK=79.7 bullish"
2025-11-22T14:40:41.474697,CAKEUSDT,STRONG_BUY,3,4,2,1,10,75.41861254536818,2.182,6.232,19416594.1854,"Trend: ADX=18.7 moderate, DI+>DI-; Trend: Price>EMA20>EMA50 alignment; Trend: MACD hist positive; Osc: StochK=77.6 bullish; Osc: CCI=163.3 strong bullish"
2025-11-22T14:40:42.233137,OPUSDT,STRONG_BUY,3,4,2,1,10,58.00528425055016,0.3028,-6.945,18965193.786216,"Trend: ADX=16.4 moderate, DI+>DI-; Trend: Price>EMA20; Trend: MACD hist positive & rising; Osc: RSI=58.0 in healthy zone; Osc: CCI=109.0 strong bullish"
2025-11-22T14:40:42.957054,VIRTUALUSDT,STRONG_BUY,3,3,3,1,10,47.5024726171541,0.8767,-5.63,18856710.74721,"Trend: ADX=23.3 strong, DI+>DI-; Trend: MACD hist positive & rising; Osc: RSI=47.5 in healthy zone; Osc: StochK=41.7 neutral; Osc: StochRSI=51.9 rising"
2025-11-22T14:40:43.730047,WBTCUSDT,ULTRA_BUY,4,5,2,1,12,58.939743237842606,84452.15,-0.051,17967712.3125115,"Trend: ADX=18.2 moderate, DI+>DI-; Trend: Price>EMA20; Trend: MACD hist positive & rising; Osc: RSI=58.9 in healthy zone; Osc: StochK=79.4 bullish"
2025-11-22T14:40:44.452882,DOTUSDT,STRONG_BUY,3,5,2,1,11,54.455802380385094,2.306,-4.395,17102864.69928,"Trend: ADX=18.4 moderate, DI+>DI-; Trend: Price>EMA20; Trend: MACD hist positive & rising; Osc: RSI=54.5 in healthy zone; Osc: StochK=76.6 bullish"
2025-11-22T14:40:45.229528,0GUSDT,STRONG_BUY,6,4,2,2,14,68.4094958419606,1.313,4.041,16773837.79902,"Trend: ADX=23.9 strong, DI+>DI-; Trend: Price>EMA20>EMA50 alignment; Trend: MACD hist positive & rising; Osc: StochK=66.7 bullish; Osc: CCI=175.0 strong bullish"
2025-11-22T14:40:45.979465,SEIUSDT,STRONG_BUY,3,4,3,1,11,48.822317093956315,0.1309,-2.749,16242881.80295,"Trend: ADX=14.1 moderate, DI+>DI-; Trend: Price>EMA20; Trend: MACD hist positive & rising; Osc: RSI=48.8 in healthy zone; Osc: StochK=53.5 bullish"
2025-11-22T14:40:46.728883,APTUSDT,STRONG_BUY,4,4,2,1,11,55.2863386789975,2.341,-7.103,16034934.06092,"Trend: ADX=24.1 strong, DI+>DI-; Trend: Price>EMA20; Trend: MACD hist positive & rising; Osc: RSI=55.3 in healthy zone; Osc: CCI=109.4 strong bullish"
2025-11-22T14:41:57.657801,CRVUSDT,STRONG_BUY,4,5,2,1,12,53.988125722988684,0.3714,-2.978,13149124.61244,"Trend: ADX=26.3 strong, DI+>DI-; Trend: Price>EMA20; Trend: MACD hist positive & rising; Osc: RSI=54.0 in healthy zone; Osc: StochK=73.3 bullish"
2025-11-22T14:41:58.445812,AVNTUSDT,STRONG_BUY,3,4,3,1,11,46.208911320941475,0.3904,-3.771,12366362.1549,"Trend: ADX=22.6 strong, DI+>DI-; Trend: MACD hist positive & rising; Osc: RSI=46.2 in healthy zone; Osc: StochK=49.5 neutral; Osc: CCI=12.2 positive"
2025-11-22T14:41:59.242579,SUPERUSDT,STRONG_BUY,5,5,2,0,12,55.87558202666629,0.1988,0.455,12212589.8346,"Trend: ADX=23.2 strong, DI+>DI-; Trend: Price>EMA20; Trend: MACD hist positive & rising; Osc: RSI=55.9 in healthy zone; Osc: StochK=59.6 bullish"
2025-11-22T14:41:59.992442,XLMUSDT,STRONG_BUY,3,5,2,1,11,52.8778521059239,0.2294,-1.163,11814398.6721,"Trend: ADX=17.7 moderate, DI+>DI-; Trend: Price>EMA20; Trend: MACD hist positive & rising; Osc: RSI=52.9 in healthy zone; Osc: StochK=63.0 bullish"
2025-11-22T14:42:00.777068,MIRAUSDT,STRONG_BUY,4,5,2,0,11,54.86957267632313,0.1754,8.138,11739448.86658,"Trend: ADX=17.7 moderate, DI+>DI-; Trend: Price>EMA20; Trend: MACD hist positive; Osc: RSI=54.9 in healthy zone; Osc: StochK=59.8 bullish"
2025-11-22T14:42:01.573394,TONUSDT,STRONG_BUY,3,5,2,1,11,52.64002655265455,1.513,-1.817,11572991.46142,"Trend: ADX=15.5 moderate, DI+>DI-; Trend: Price>EMA20; Trend: MACD hist positive; Osc: RSI=52.6 in healthy zone; Osc: StochK=61.9 bullish"
2025-11-22T14:42:05.360544,POLUSDT,STRONG_BUY,4,4,2,1,11,60.488297067997905,0.1325,-2.069,10655294.46807,"Trend: ADX=15.5 moderate, DI+>DI-; Trend: Price>EMA20; Trend: MACD hist positive & rising; Osc: RSI=60.5 in healthy zone; Osc: CCI=163.2 strong bullish"
2025-11-22T14:42:06.161884,LDOUSDT,ULTRA_BUY,3,5,3,2,13,55.8357193493372,0.6161,0.163,10596630.883972,Trend: Price>EMA20; Trend: MACD hist positive & rising; Trend: Momentum(0.01) & AO(0.0015) bullish; Osc: RSI=55.8 in healthy zone; Osc: StochK=71.9 bullish
2025-11-22T14:42:06.950932,ERAUSDT,STRONG_BUY,2,4,2,1,9,53.11160885888848,0.2531,-3.801,9811083.8819,Trend: Price>EMA20; Trend: MACD hist positive & rising; Trend: Partial momentum bullish; Osc: RSI=53.1 in healthy zone; Osc: StochK=68.5 bullish
2025-11-22T14:42:07.812685,FFUSDT,STRONG_BUY,3,4,2,1,10,57.886025628101,0.12672,-2.658,9619132.815776,Trend: Price>EMA20; Trend: MACD hist positive & rising; Trend: Momentum(0.00) & AO(0.0005) bullish; Osc: RSI=57.9 in healthy zone; Osc: CCI=134.6 strong bullish
2025-11-22T14:42:08.590480,ARUSDT,STRONG_BUY,4,4,2,1,11,58.05541272211305,3.79,1.337,9608919.3602,"Trend: ADX=15.4 moderate, DI+>DI-; Trend: Price>EMA20>EMA50 alignment; Trend: MACD hist positive & rising; Osc: RSI=58.1 in healthy zone; Osc: CCI=130.9 strong bullish"
2025-11-22T14:42:12.409137,INJUSDT,STRONG_BUY,2,5,2,1,10,58.59196184224058,5.41,-3.737,9398297.4242,Trend: Price>EMA20>EMA50 alignment; Trend: MACD hist positive; Trend: Momentum(0.08) & AO(0.0667) bullish; Osc: RSI=58.6 in healthy zone; Osc: StochK=61.9 bullish
2025-11-22T14:42:13.186916,SYRUPUSDT,ULTRA_BUY,4,5,3,2,14,57.96202855551683,0.2946,2.256,9362101.93579,"Trend: ADX=19.9 moderate, DI+>DI-; Trend: Price>EMA20>EMA50 alignment; Trend: MACD hist positive & rising; Osc: RSI=58.0 in healthy zone; Osc: StochK=66.7 bullish"
2025-11-22T14:42:14.106112,SOMIUSDT,STRONG_BUY,4,5,2,1,12,55.15630703125921,0.2665,1.369,8937142.33231,"Trend: ADX=14.4 moderate, DI+>DI-; Trend: Price>EMA20; Trend: MACD hist positive & rising; Osc: RSI=55.2 in healthy zone; Osc: StochK=73.7 bullish"
2025-11-22T14:42:14.922665,ONDOUSDT,STRONG_BUY,3,5,2,1,11,55.79279698897304,0.4619,-2.573,8762822.74612,"Trend: ADX=15.8 moderate, DI+>DI-; Trend: Price>EMA20; Trend: MACD hist positive & rising; Osc: RSI=55.8 in healthy zone; Osc: StochK=76.2 bullish"
2025-11-22T14:42:15.698654,MITOUSDT,STRONG_BUY,5,4,2,0,11,61.84443789987212,0.08562,7.671,8606557.582588,"Trend: ADX=23.4 strong, DI+>DI-; Trend: Price>EMA20; Trend: MACD hist positive; Osc: RSI=61.8 in healthy zone; Osc: CCI=157.3 strong bullish"
2025-11-22T14:42:19.485034,EIGENUSDT,STRONG_BUY,4,5,2,1,12,50.37899108930672,0.561,-4.429,7663627.22182,"Trend: ADX=25.1 strong, DI+>DI-; Trend: Price>EMA20; Trend: MACD hist positive & rising; Osc: RSI=50.4 in healthy zone; Osc: StochK=61.1 bullish"
2025-11-22T14:42:20.272694,RENDERUSDT,STRONG_BUY,2,5,2,1,10,51.610269994735965,1.674,-4.832,7638181.1856,Trend: Price>EMA20; Trend: MACD hist positive & rising; Trend: Partial momentum bullish; Osc: RSI=51.6 in healthy zone; Osc: StochK=60.4 bullish
2025-11-22T14:42:21.055981,BATUSDT,STRONG_BUY,5,3,2,0,10,65.58706764924865,0.1902,10.904,7219499.7842,"Trend: ADX=16.7 moderate, DI+>DI-; Trend: Price>EMA20>EMA50 alignment; Trend: MACD hist positive & rising; Osc: CCI=155.6 strong bullish; Osc: StochRSI=100.0 strong"
2025-11-22T14:42:21.847364,SUSDT,STRONG_BUY,4,5,2,1,12,55.030978102686326,0.1044,-2.247,7101191.60937,"Trend: ADX=14.9 moderate, DI+>DI-; Trend: Price>EMA20; Trend: MACD hist positive & rising; Osc: RSI=55.0 in healthy zone; Osc: StochK=70.8 bullish"
2025-11-22T14:42:22.675288,TREEUSDT,STRONG_BUY,3,4,1,2,10,50.202776225084065,0.1399,-2.099,6759799.27847,"Trend: ADX=17.3 moderate, DI+>DI-; Trend: Price>EMA20; Trend: MACD hist positive & rising; Osc: RSI=50.2 in healthy zone; Osc: StochK=65.3 bullish"
2025-11-22T14:42:23.402993,WCTUSDT,STRONG_BUY,4,4,3,0,11,47.98364563045348,0.1182,-14.472,6230953.70268,"Trend: ADX=46.4 strong, DI+>DI-; Trend: Price>EMA20; Trend: MACD hist positive & rising; Osc: RSI=48.0 in healthy zone; Osc: StochK=63.9 bullish"
2025-11-22T14:42:24.152610,USD1USDT,STRONG_BUY,2,2,1,3,8,52.211011041552155,0.9996,-0.04,6188626.1701,Trend: Price>EMA20; Trend: MACD hist positive & rising; Osc: RSI=52.2 in healthy zone; Osc: StochRSI=100.0 strong; Osc: Williams%R=-0.0 bullish
2025-11-22T14:42:24.980852,SPKUSDT,STRONG_BUY,2,5,1,1,9,49.46119517862202,0.029052,-2.04,6080760.497376,Trend: Price>EMA20; Trend: MACD hist positive & rising; Trend: Partial momentum bullish; Osc: RSI=49.5 in healthy zone; Osc: StochK=52.3 bullish
2025-11-22T14:42:25.743825,MAVUSDT,ULTRA_BUY,3,5,3,1,12,62.832512965750965,0.02676,6.106,5944472.46859,"Trend: ADX=15.3 moderate, DI+>DI-; Trend: Price>EMA20>EMA50 alignment; Trend: MACD hist positive; Osc: RSI=62.8 in healthy zone; Osc: StochK=58.7 bullish"
2025-11-22T14:42:26.487007,NMRUSDT,STRONG_BUY,4,5,2,0,11,57.94981339088888,11.09,-8.649,5916208.3692,"Trend: ADX=15.1 moderate, DI+>DI-; Trend: Price>EMA20; Trend: MACD hist positive & rising; Osc: RSI=57.9 in healthy zone; Osc: StochK=56.7 bullish"
2025-11-22T14:42:27.239204,WBETHUSDT,ULTRA_BUY,4,4,3,1,12,58.637277652178916,2973.93,-0.763,5511776.658427,"Trend: ADX=26.2 strong, DI+>DI-; Trend: Price>EMA20; Trend: MACD hist positive & rising; Osc: RSI=58.6 in healthy zone; Osc: CCI=164.9 strong bullish"
2025-11-22T14:42:27.974976,ALGOUSDT,STRONG_BUY,4,5,2,1,12,50.24116080703711,0.1346,-2.886,5407009.0527,"Trend: ADX=23.4 strong, DI+>DI-; Trend: Price>EMA20; Trend: MACD hist positive & rising; Osc: RSI=50.2 in healthy zone; Osc: StochK=67.7 bullish"
2025-11-22T14:43:37.328389,ATOMUSDT,STRONG_BUY,3,5,2,1,11,51.35063671992199,2.474,-3.96,5342806.24663,"Trend: ADX=15.3 moderate, DI+>DI-; Trend: Price>EMA20; Trend: MACD hist positive & rising; Osc: RSI=51.4 in healthy zone; Osc: StochK=61.2 bullish"
2025-11-22T14:43:38.093613,CFXUSDT,STRONG_BUY,5,5,2,1,13,55.94051558395425,0.0811,-1.697,5251943.2879,"Trend: ADX=22.6 strong, DI+>DI-; Trend: Price>EMA20; Trend: MACD hist positive & rising; Osc: RSI=55.9 in healthy zone; Osc: StochK=66.7 bullish"
2025-11-22T14:43:38.845847,DYDXUSDT,STRONG_BUY,3,5,2,1,11,56.56939498328176,0.2365,-4.135,5115855.864579,"Trend: ADX=15.4 moderate, DI+>DI-; Trend: Price>EMA20; Trend: MACD hist positive; Osc: RSI=56.6 in healthy zone; Osc: StochK=55.8 bullish"
2025-11-22T14:44:48.535807,EURUSDT,STRONG_BUY,2,3,1,3,9,46.43957346690426,1.1507,-0.113,15600225.6626,Trend: Price>EMA20; Trend: MACD hist positive & rising; Osc: RSI=46.4 in healthy zone; Osc: StochK=57.1 bullish; Osc: StochRSI=100.0 strong
2025-11-22T14:46:01.811664,ETCUSDT,STRONG_BUY,3,4,1,1,9,50.256987206590665,13.42,0.149,11497803.9125,"Trend: ADX=19.0 moderate, DI+>DI-; Trend: Price>EMA20; Trend: MACD hist positive & rising; Osc: RSI=50.3 in healthy zone; Osc: StochK=34.1 neutral"
2025-11-22T14:46:02.610915,ORDIUSDT,STRONG_BUY,3,4,2,1,10,52.439055419044664,3.81,-4.607,5900353.75912,"Trend: ADX=17.4 moderate, DI+>DI-; Trend: Price>EMA20; Trend: MACD hist positive & rising; Osc: RSI=52.4 in healthy zone; Osc: StochK=60.4 bullish"
2025-11-22T14:46:03.398010,PNUTUSDT,STRONG_BUY,4,5,2,1,12,50.06052928973729,0.0805,-4.281,5044684.38487,"Trend: ADX=22.1 strong, DI+>DI-; Trend: Price>EMA20; Trend: MACD hist positive; Osc: RSI=50.1 in healthy zone; Osc: StochK=63.0 bullish"
2025-11-22T14:47:10.034032,DASHUSDT,STRONG_BUY,5,5,2,0,12,55.993493888662435,56.03,-14.964,45856250.84223,"Trend: ADX=21.1 strong, DI+>DI-; Trend: Price>EMA20; Trend: MACD hist positive & rising; Osc: RSI=56.0 in healthy zone; Osc: StochK=75.7 bullish"
2025-11-22T14:47:10.942753,AVAXUSDT,STRONG_BUY,2,5,1,1,9,49.393781159762554,13.21,0.076,58280126.9997,Trend: Price>EMA20; Trend: MACD hist positive & rising; Trend: Partial momentum bullish; Osc: RSI=49.4 in healthy zone; Osc: StochK=66.7 bullish
2025-11-22T14:49:21.145929,TIAUSDT,STRONG_BUY,4,5,1,1,11,52.1970666297684,0.628,-6.548,9567528.96088,"Trend: ADX=20.7 strong, DI+>DI-; Trend: Price>EMA20; Trend: MACD hist positive & rising; Osc: RSI=52.2 in healthy zone; Osc: StochK=73.1 bullish"
2025-11-22T14:51:35.168747,WIFUSDT,STRONG_BUY,4,4,0,2,10,60.180837269553884,0.327,-4.386,43470618.50883,"Trend: ADX=19.4 moderate, DI+>DI-; Trend: Price>EMA20>EMA50 alignment; Trend: MACD hist positive & rising; Osc: RSI=60.2 in healthy zone; Osc: CCI=104.1 strong bullish"
2025-11-22T14:51:36.035001,XPLUSDT,STRONG_BUY,2,4,1,1,8,52.18681486642888,0.2022,-6.475,37467904.54163,Trend: Price>EMA20; Trend: MACD hist positive & rising; Trend: Partial momentum bullish; Osc: RSI=52.2 in healthy zone; Osc: StochK=66.1 bullish
2025-11-22T14:53:45.179381,LTCUSDT,STRONG_BUY,2,3,3,2,10,49.07452874465238,81.97,-2.602,50110193.47527,Trend: Price>EMA20; Trend: MACD hist positive & rising; Osc: RSI=49.1 in healthy zone; Osc: StochK=52.3 bullish; Osc: StochRSI=64.4 rising
2025-11-22T15:16:04.598689,NILUSDT,STRONG_BUY,3,2,1,3,9,52.673682079772334,0.0973,-12.184,7452784.13653,"Trend: ADX=27.3 strong, DI+>DI-; Trend: Price>EMA20; Trend: Partial momentum bullish; Osc: RSI=52.7 in healthy zone; Osc: StochK=27.3 neutral"
2025-11-22T15:17:08.905017,USDCUSDT,STRONG_BUY,2,4,3,1,10,50.58567222741643,1.0004,-0.04,1408712482.3149,Trend: Price>EMA20; Trend: MACD hist positive & rising; Trend: Partial momentum bullish; Osc: RSI=50.6 in healthy zone; Osc: StochK=66.7 bullish
2025-11-22T15:17:09.674216,MOVEUSDT,STRONG_BUY,5,3,2,0,10,75.97280620190894,0.0571,19.958,6136846.83252,"Trend: ADX=14.7 moderate, DI+>DI-; Trend: Price>EMA20>EMA50 alignment; Trend: MACD hist positive & rising; Osc: StochK=42.1 neutral; Osc: CCI=168.1 strong bullish"
2025-11-22T15:30:31.017933,BTCUSDT,STRONG_BUY,3,5,2,1,11,55.70267192348471,84419.4,1.067,2168689630.2736735,"Trend: ADX=15.9 moderate, DI+>DI-; Trend: Price>EMA20; Trend: MACD hist positive; Osc: RSI=55.7 in healthy zone; Osc: StochK=70.4 bullish"
2025-11-22T15:30:31.888262,USDCUSDT,STRONG_BUY,2,4,3,1,10,50.58567222741643,1.0003,-0.05,1388719352.3015,Trend: Price>EMA20; Trend: MACD hist positive & rising; Osc: RSI=50.6 in healthy zone; Osc: StochK=66.7 bullish; Osc: StochRSI=100.0 strong
2025-11-22T15:30:32.872279,ETHUSDT,STRONG_BUY,4,4,2,1,11,57.768836575699055,2747.24,0.798,1311751709.423264,"Trend: ADX=23.5 strong, DI+>DI-; Trend: Price>EMA20; Trend: MACD hist positive; Osc: RSI=57.8 in healthy zone; Osc: CCI=102.2 strong bullish"
2025-11-22T15:30:33.660776,SOLUSDT,STRONG_BUY,4,4,2,1,11,57.261775384775916,127.33,0.355,476692216.81443,"Trend: ADX=15.4 moderate, DI+>DI-; Trend: Price>EMA20; Trend: MACD hist positive & rising; Osc: RSI=57.3 in healthy zone; Osc: CCI=114.3 strong bullish"
2025-11-22T15:30:34.423065,XRPUSDT,ULTRA_BUY,5,4,2,1,12,59.84513132709763,1.9349,0.457,303989755.84593,"Trend: ADX=24.1 strong, DI+>DI-; Trend: Price>EMA20; Trend: MACD hist positive & rising; Osc: RSI=59.8 in healthy zone; Osc: CCI=140.5 strong bullish"
2025-11-22T15:30:35.233072,BNBUSDT,STRONG_BUY,4,5,2,1,12,53.32902890598835,825.12,0.896,214009251.09642,"Trend: ADX=19.5 moderate, DI+>DI-; Trend: Price>EMA20; Trend: MACD hist positive & rising; Osc: RSI=53.3 in healthy zone; Osc: StochK=72.5 bullish"
2025-11-22T15:30:39.021965,DOGEUSDT,STRONG_BUY,2,4,2,1,9,58.54391598523944,0.13901,-0.344,201218046.80564,Trend: Price>EMA20; Trend: MACD hist positive; Trend: Momentum(0.00) & AO(0.0010) bullish; Osc: RSI=58.5 in healthy zone; Osc: CCI=100.8 strong bullish
2025-11-22T15:30:39.803982,SUIUSDT,STRONG_BUY,2,4,3,1,10,47.647643023820955,1.3371,-2.679,88114439.54897,Trend: MACD hist positive & rising; Trend: Partial momentum bullish; Osc: RSI=47.6 in healthy zone; Osc: StochK=60.2 bullish; Osc: CCI=1.3 positive
2025-11-22T15:30:40.611961,ADAUSDT,STRONG_BUY,3,4,2,1,10,53.92354665747057,0.4003,-1.136,70573737.40983,"Trend: ADX=15.4 moderate, DI+>DI-; Trend: Price>EMA20; Trend: MACD hist positive & rising; Osc: RSI=53.9 in healthy zone; Osc: CCI=64.8 positive"
2025-11-22T15:30:41.362673,LINKUSDT,STRONG_BUY,3,4,2,1,10,55.43842359864365,11.97,-0.499,60759389.461,"Trend: ADX=17.4 moderate, DI+>DI-; Trend: Price>EMA20; Trend: MACD hist positive; Osc: RSI=55.4 in healthy zone; Osc: CCI=77.1 positive"
2025-11-22T15:30:42.149558,AVAXUSDT,STRONG_BUY,3,4,2,1,10,51.92728520263144,13.23,0.992,56284052.8962,Trend: Price>EMA20; Trend: MACD hist positive & rising; Trend: Momentum(0.10) & AO(0.0009) bullish; Osc: RSI=51.9 in healthy zone; Osc: CCI=26.9 positive
2025-11-22T15:30:45.944136,DASHUSDT,STRONG_BUY,3,5,2,0,10,57.31829125918,56.43,-14.357,46168709.17806,"Trend: ADX=19.3 moderate, DI+>DI-; Trend: Price>EMA20; Trend: MACD hist positive; Osc: RSI=57.3 in healthy zone; Osc: StochK=63.3 bullish"
2025-11-22T15:30:46.728081,WIFUSDT,STRONG_BUY,4,4,2,1,11,58.57746051624168,0.327,-2.967,42665361.40712,"Trend: ADX=20.0 strong, DI+>DI-; Trend: Price>EMA20>EMA50 alignment; Trend: MACD hist positive; Osc: RSI=58.6 in healthy zone; Osc: CCI=68.8 positive"
2025-11-22T15:30:47.534761,2ZUSDT,STRONG_BUY,4,3,2,0,9,51.53187465990705,0.13724,12.115,39840572.74421,"Trend: ADX=16.6 moderate, DI+>DI-; Trend: Price>EMA20; Trend: MACD hist positive; Osc: RSI=51.5 in healthy zone; Osc: StochK=36.0 neutral"
2025-11-22T15:30:48.303154,HBARUSDT,STRONG_BUY,3,5,2,1,11,53.83952049406411,0.12888,-0.101,31836721.23045,"Trend: ADX=18.1 moderate, DI+>DI-; Trend: Price>EMA20; Trend: MACD hist positive; Osc: RSI=53.8 in healthy zone; Osc: StochK=77.1 bullish"
2025-11-22T15:30:49.078033,ZENUSDT,STRONG_BUY,4,4,2,1,11,56.9049265721379,12.487,-3.051,30223406.99926,"Trend: ADX=19.4 moderate, DI+>DI-; Trend: Price>EMA20>EMA50 alignment; Trend: MACD hist positive & rising; Osc: RSI=56.9 in healthy zone; Osc: StochK=75.2 bullish"
2025-11-22T15:30:52.868601,ENAUSDT,STRONG_BUY,2,5,2,1,10,51.493833195233805,0.2309,-2.285,29985830.351245,Trend: Price>EMA20; Trend: MACD hist positive; Trend: Momentum(0.00) & AO(0.0006) bullish; Osc: RSI=51.5 in healthy zone; Osc: StochK=69.9 bullish
2025-11-22T15:30:53.656796,WLDUSDT,STRONG_BUY,2,5,2,1,10,55.46108006948538,0.599,-0.828,29611071.3423,Trend: Price>EMA20>EMA50 alignment; Trend: MACD hist positive; Trend: Momentum(0.01) & AO(0.0052) bullish; Osc: RSI=55.5 in healthy zone; Osc: StochK=70.6 bullish
2025-11-22T15:30:54.440320,AAVEUSDT,STRONG_BUY,3,5,2,1,11,56.257228655787415,158.18,2.801,25019037.71023,"Trend: ADX=18.3 moderate, DI+>DI-; Trend: Price>EMA20; Trend: MACD hist positive; Osc: RSI=56.3 in healthy zone; Osc: StochK=79.6 bullish"
2025-11-22T15:30:55.219305,ARBUSDT,STRONG_BUY,2,5,2,1,10,51.62356521045063,0.1987,-3.168,21761401.16385,Trend: Price>EMA20; Trend: MACD hist positive; Trend: Momentum(0.00) & AO(0.0005) bullish; Osc: RSI=51.6 in healthy zone; Osc: StochK=70.2 bullish
2025-11-22T15:30:56.049619,TRUMPUSDT,STRONG_BUY,2,4,2,1,9,51.691069608322785,6.29,1.337,21056778.811849,Trend: Price>EMA20; Trend: MACD hist positive & rising; Trend: Partial momentum bullish; Osc: RSI=51.7 in healthy zone; Osc: CCI=49.7 positive
2025-11-22T15:30:56.808852,CAKEUSDT,STRONG_BUY,3,3,2,1,9,69.19508615798705,2.197,8.44,20464710.68939,"Trend: ADX=17.6 moderate, DI+>DI-; Trend: Price>EMA20>EMA50 alignment; Trend: MACD hist positive; Osc: CCI=106.4 strong bullish; Osc: StochRSI=69.1 rising"
2025-11-22T15:30:57.546808,ZKCUSDT,STRONG_BUY,3,4,2,0,9,55.194324532277626,0.1499,3.881,20020990.85308,Trend: Price>EMA20; Trend: MACD hist positive; Trend: Momentum(0.00) & AO(0.0029) bullish; Osc: RSI=55.2 in healthy zone; Osc: StochK=57.6 bullish
2025-11-22T15:30:58.266823,OPUSDT,STRONG_BUY,3,4,2,1,10,57.360037964697774,0.3026,-5.052,17954986.969435,"Trend: ADX=14.3 moderate, DI+>DI-; Trend: Price>EMA20; Trend: MACD hist positive; Osc: RSI=57.4 in healthy zone; Osc: CCI=91.0 positive"
2025-11-22T15:30:59.007332,0GUSDT,STRONG_BUY,5,5,2,0,12,63.74080818399039,1.312,2.181,17144093.84368,"Trend: ADX=22.1 strong, DI+>DI-; Trend: Price>EMA20>EMA50 alignment; Trend: MACD hist positive; Osc: RSI=63.7 in healthy zone; Osc: StochK=65.6 bullish"
2025-11-22T15:30:59.756197,WBTCUSDT,STRONG_BUY,3,5,2,1,11,56.314306840901644,84308.85,1.19,17120339.4412708,"Trend: ADX=15.4 moderate, DI+>DI-; Trend: Price>EMA20; Trend: MACD hist positive; Osc: RSI=56.3 in healthy zone; Osc: StochK=73.4 bullish"
2025-11-22T15:31:00.493340,DOTUSDT,STRONG_BUY,2,5,2,1,10,51.68983096853157,2.301,-3.482,16445301.81038,Trend: Price>EMA20; Trend: MACD hist positive; Trend: Momentum(0.02) & AO(0.0040) bullish; Osc: RSI=51.7 in healthy zone; Osc: StochK=77.2 bullish
2025-11-22T15:31:01.222066,APTUSDT,STRONG_BUY,3,4,2,1,10,56.58252870109324,2.344,-5.901,15537449.46973,"Trend: ADX=19.4 moderate, DI+>DI-; Trend: Price>EMA20; Trend: MACD hist positive; Osc: RSI=56.6 in healthy zone; Osc: CCI=95.3 positive"
2025-11-22T15:32:11.978485,WLFIUSDT,STRONG_BUY,4,3,2,0,9,66.49861276105396,0.1467,19.951,68852947.85308,"Trend: ADX=16.5 moderate, DI+>DI-; Trend: Price>EMA20>EMA50 alignment; Trend: MACD hist positive; Osc: CCI=135.0 strong bullish; Osc: StochRSI=100.0 strong"
2025-11-22T15:32:12.747314,SUPERUSDT,STRONG_BUY,4,5,2,0,11,52.027741017502336,0.1959,0.205,12467635.2581,"Trend: ADX=21.3 strong, DI+>DI-; Trend: Price>EMA20; Trend: MACD hist positive; Osc: RSI=52.0 in healthy zone; Osc: StochK=79.2 bullish"
2025-11-22T15:32:13.520479,CRVUSDT,STRONG_BUY,4,5,2,1,12,51.538484699550814,0.3706,-1.252,12276096.40361,"Trend: ADX=23.1 strong, DI+>DI-; Trend: Price>EMA20; Trend: MACD hist positive; Osc: RSI=51.5 in healthy zone; Osc: StochK=68.0 bullish"
2025-11-22T15:32:14.289335,AVNTUSDT,STRONG_BUY,2,5,3,1,11,47.690374059581664,0.3907,-2.544,11935503.80607,Trend: MACD hist positive & rising; Trend: Partial momentum bullish; Osc: RSI=47.7 in healthy zone; Osc: StochK=55.2 bullish; Osc: CCI=15.6 positive
2025-11-22T15:32:15.051870,MIRAUSDT,STRONG_BUY,5,3,2,0,10,57.41046696188826,0.1771,3.326,11265370.62388,"Trend: ADX=21.1 strong, DI+>DI-; Trend: Price>EMA20>EMA50 alignment; Trend: MACD hist positive; Osc: RSI=57.4 in healthy zone; Osc: CCI=63.9 positive"
2025-11-22T15:32:15.859392,TONUSDT,STRONG_BUY,3,5,2,1,11,52.24791811766167,1.513,-0.329,11259451.00959,"Trend: ADX=14.2 moderate, DI+>DI-; Trend: Price>EMA20>EMA50 alignment; Trend: MACD hist positive; Osc: RSI=52.2 in healthy zone; Osc: StochK=61.9 bullish"
2025-11-22T15:32:19.664944,ETCUSDT,STRONG_BUY,2,5,3,1,11,50.7211301232944,13.43,0.902,11214902.0895,Trend: Price>EMA20; Trend: MACD hist positive; Trend: Momentum(0.04) & AO(0.0317) bullish; Osc: RSI=50.7 in healthy zone; Osc: StochK=55.6 bullish
2025-11-22T15:32:20.438123,XLMUSDT,STRONG_BUY,3,5,2,1,11,50.25570528156976,0.2289,0.219,10908731.7972,"Trend: ADX=15.4 moderate, DI+>DI-; Trend: Price>EMA20; Trend: MACD hist positive; Osc: RSI=50.3 in healthy zone; Osc: StochK=67.4 bullish"
2025-11-22T15:32:21.192874,POLUSDT,STRONG_BUY,2,4,2,1,9,58.13213546763672,0.1326,-0.674,10365199.14198,Trend: Price>EMA20; Trend: MACD hist positive; Trend: Momentum(0.00) & AO(0.0014) bullish; Osc: RSI=58.1 in healthy zone; Osc: CCI=97.9 positive
2025-11-22T15:32:21.974173,FFUSDT,STRONG_BUY,3,3,2,1,9,68.40161808272501,0.12945,1.897,9502169.364939,Trend: Price>EMA20>EMA50 alignment; Trend: MACD hist positive & rising; Trend: Momentum(0.01) & AO(0.0023) bullish; Osc: CCI=178.2 strong bullish; Osc: StochRSI=100.0 strong
2025-11-22T15:32:22.735197,LDOUSDT,STRONG_BUY,2,5,2,1,10,51.0587847540633,0.6136,1.825,9410798.677382,Trend: Price>EMA20>EMA50 alignment; Trend: MACD hist positive; Trend: Momentum(0.00) & AO(0.0040) bullish; Osc: RSI=51.1 in healthy zone; Osc: StochK=55.0 bullish
2025-11-22T15:32:26.538218,TIAUSDT,STRONG_BUY,2,4,3,1,10,48.97500667039236,0.625,-6.855,9204697.40828,"Trend: ADX=18.5 moderate, DI+>DI-; Trend: MACD hist positive; Trend: Momentum(0.01) & AO(0.0024) bullish; Osc: RSI=49.0 in healthy zone; Osc: StochK=66.7 bullish"
2025-11-22T15:32:27.318143,INJUSDT,STRONG_BUY,2,5,2,1,10,59.812271848119956,5.43,-2.162,8999247.5631,Trend: Price>EMA20>EMA50 alignment; Trend: MACD hist positive; Trend: Momentum(0.10) & AO(0.0930) bullish; Osc: RSI=59.8 in healthy zone; Osc: StochK=71.4 bullish
2025-11-22T15:32:28.138470,ERAUSDT,STRONG_BUY,2,4,2,1,9,52.819415266279584,0.2541,-6.409,8885005.24095,Trend: Price>EMA20; Trend: MACD hist positive; Trend: Momentum(0.00) & AO(0.0037) bullish; Osc: RSI=52.8 in healthy zone; Osc: StochK=56.8 bullish
2025-11-22T15:32:28.935371,SOMIUSDT,STRONG_BUY,2,4,2,1,9,53.37669718367853,0.2665,-0.187,8865510.50473,Trend: Price>EMA20; Trend: MACD hist positive; Trend: Momentum(0.01) & AO(0.0027) bullish; Osc: RSI=53.4 in healthy zone; Osc: StochK=74.1 bullish
2025-11-22T15:32:29.708397,SYRUPUSDT,STRONG_BUY,5,3,2,1,11,66.24416355013935,0.3016,8.528,8605154.37915,"Trend: ADX=21.4 strong, DI+>DI-; Trend: Price>EMA20>EMA50 alignment; Trend: MACD hist positive & rising; Osc: CCI=177.2 strong bullish; Osc: StochRSI=100.0 strong"
2025-11-22T15:32:33.476631,ONDOUSDT,STRONG_BUY,3,5,2,1,11,53.23952192324552,0.4615,-1.029,8470204.90388,"Trend: ADX=14.2 moderate, DI+>DI-; Trend: Price>EMA20; Trend: MACD hist positive; Osc: RSI=53.2 in healthy zone; Osc: StochK=70.6 bullish"
2025-11-22T15:32:34.233357,MITOUSDT,STRONG_BUY,3,4,3,0,10,51.151859729658625,0.08451,5.23,8402119.248303,Trend: Price>EMA20; Trend: MACD hist positive; Trend: Momentum(0.00) & AO(0.0012) bullish; Osc: RSI=51.2 in healthy zone; Osc: StochK=56.2 bullish
2025-11-22T15:32:35.040276,BATUSDT,STRONG_BUY,4,5,2,0,11,62.46633117307174,0.19,11.896,7613717.0918,"Trend: ADX=14.7 moderate, DI+>DI-; Trend: Price>EMA20>EMA50 alignment; Trend: MACD hist positive; Osc: RSI=62.5 in healthy zone; Osc: StochK=79.1 bullish"
2025-11-22T15:33:45.821776,ALGOUSDT,STRONG_BUY,4,5,3,1,13,51.07549712739435,0.1347,-1.607,5143518.0096,"Trend: ADX=21.9 strong, DI+>DI-; Trend: Price>EMA20; Trend: MACD hist positive & rising; Osc: RSI=51.1 in healthy zone; Osc: StochK=71.0 bullish"
2025-11-22T15:33:46.588544,NMRUSDT,STRONG_BUY,3,3,2,1,9,66.614674789146,11.46,-3.454,6057393.0058,Trend: Price>EMA20>EMA50 alignment; Trend: MACD hist positive & rising; Trend: Momentum(0.66) & AO(0.3621) bullish; Osc: CCI=157.8 strong bullish; Osc: StochRSI=91.9 strong
2025-11-22T15:33:47.393236,PAXGUSDT,STRONG_BUY,2,3,3,2,10,49.9737326889448,4059.5,-0.072,39215301.876616,"Trend: ADX=19.5 moderate, DI+>DI-; Trend: Price>EMA20; Trend: MACD hist positive; Osc: RSI=50.0 in healthy zone; Osc: StochK=46.8 neutral"
2025-11-22T15:33:48.155731,ICPUSDT,STRONG_BUY,2,4,3,2,11,45.56584264404243,4.106,-3.343,31268290.5782,"Trend: ADX=21.1 strong, DI+>DI-; Trend: MACD hist positive; Osc: RSI=45.6 in healthy zone; Osc: StochK=45.4 neutral; Osc: StochRSI=43.7 rising"
2025-11-22T15:33:48.947807,MAVUSDT,STRONG_BUY,3,3,2,0,8,66.68548394346382,0.02759,9.615,6341578.48255,Trend: Price>EMA20>EMA50 alignment; Trend: MACD hist positive & rising; Trend: Momentum(0.00) & AO(0.0015) bullish; Osc: CCI=133.8 strong bullish; Osc: StochRSI=60.7 rising
2025-11-22T15:33:49.743799,WBETHUSDT,STRONG_BUY,4,4,2,1,11,58.36339717010896,2976.67,0.843,6293848.214615,"Trend: ADX=22.6 strong, DI+>DI-; Trend: Price>EMA20; Trend: MACD hist positive; Osc: RSI=58.4 in healthy zone; Osc: CCI=104.5 strong bullish"
2025-11-22T15:33:53.506043,SEIUSDT,STRONG_BUY,2,4,1,1,8,47.40749802974707,0.1305,-1.806,14974212.15231,Trend: MACD hist positive & rising; Trend: Partial momentum bullish; Osc: RSI=47.4 in healthy zone; Osc: StochK=60.6 bullish; Osc: StochRSI=80.8 strong
2025-11-22T15:33:54.273905,ORDIUSDT,STRONG_BUY,3,3,3,1,10,51.21197889825866,3.802,-6.285,5183338.78369,"Trend: ADX=17.4 moderate, DI+>DI-; Trend: Price>EMA20; Trend: MACD hist positive; Osc: RSI=51.2 in healthy zone; Osc: StochK=62.8 bullish"
2025-11-22T15:33:55.060052,MOVEUSDT,STRONG_BUY,3,3,2,1,9,70.55195520113236,0.0569,18.789,7184885.86797,Trend: Price>EMA20>EMA50 alignment; Trend: MACD hist positive; Trend: Momentum(0.01) & AO(0.0072) bullish; Osc: StochK=40.9 neutral; Osc: CCI=128.4 strong bullish
2025-11-22T15:33:55.815255,SUSDT,STRONG_BUY,2,4,3,1,10,52.33190806934727,0.1043,-0.667,6698305.27948,Trend: Price>EMA20; Trend: MACD hist positive; Trend: Momentum(0.00) & AO(0.0004) bullish; Osc: RSI=52.3 in healthy zone; Osc: StochK=65.2 bullish
2025-11-22T15:33:56.606754,USD1USDT,STRONG_BUY,2,3,3,1,9,52.11813427123343,0.9996,-0.03,6995620.5602,Trend: Price>EMA20; Trend: MACD hist positive & rising; Trend: Partial momentum bullish; Osc: RSI=52.1 in healthy zone; Osc: CCI=42.6 positive
2025-11-22T15:35:08.719014,OPENUSDT,STRONG_BUY,3,4,3,0,10,51.643151014766175,0.2508,4.893,5003781.03532,Trend: Price>EMA20>EMA50 alignment; Trend: MACD hist positive; Trend: Momentum(0.01) & AO(0.0083) bullish; Osc: RSI=51.6 in healthy zone; Osc: StochK=32.0 neutral
2025-11-22T15:36:16.203260,NILUSDT,STRONG_BUY,2,3,3,0,8,50.18784343271858,0.0966,-8.954,6944522.08363,"Trend: ADX=28.4 strong, DI+>DI-; Trend: Partial momentum bullish; Osc: RSI=50.2 in healthy zone; Osc: StochK=19.3 oversold reversal; Osc: UO=50.7 bullish"
2025-11-22T15:38:31.157023,TAOUSDT,STRONG_BUY,2,5,1,1,9,50.092963857690194,269.2,-1.716,33767443.63639,Trend: Price>EMA20; Trend: MACD hist positive; Trend: Momentum(0.10) & AO(0.7324) bullish; Osc: RSI=50.1 in healthy zone; Osc: StochK=72.5 bullish
2025-11-22T15:38:31.946422,WCTUSDT,STRONG_BUY,3,4,3,2,12,51.139324228660264,0.1184,-11.178,6000852.94333,"Trend: ADX=45.5 strong, DI+>DI-; Trend: Price>EMA20; Trend: MACD hist positive; Osc: RSI=51.1 in healthy zone; Osc: StochK=73.5 bullish"
2025-11-22T15:39:40.521421,USDEUSDT,STRONG_BUY,2,3,4,3,12,59.68154385183516,0.9993,0.01,83556558.2425,Trend: Price>EMA20; Trend: MACD hist positive; Trend: Partial momentum bullish; Osc: RSI=59.7 in healthy zone; Osc: CCI=62.1 positive
2025-11-22T15:39:41.291177,XPLUSDT,STRONG_BUY,2,4,1,1,8,49.044435894069636,0.2007,-6.434,35753545.58223,Trend: Price>EMA20; Trend: MACD hist positive & rising; Trend: Partial momentum bullish; Osc: RSI=49.0 in healthy zone; Osc: StochK=79.5 bullish
2025-11-22T15:40:48.354612,TREEUSDT,STRONG_BUY,2,4,1,1,8,48.56033266353698,0.1396,-2.514,6364980.39535,Trend: Price>EMA20; Trend: MACD hist positive; Trend: Momentum(0.00) & AO(0.0003) bullish; Osc: RSI=48.6 in healthy zone; Osc: StochK=59.2 bullish
2025-11-22T15:51:51.621479,RESOLVUSDT,STRONG_BUY,2,3,3,4,12,49.12750830473857,0.1236,1.229,6961724.05793,Trend: Price>EMA20; Trend: MACD hist positive & rising; Trend: Partial momentum bullish; Osc: RSI=49.1 in healthy zone; Osc: StochRSI=100.0 strong
2025-11-22T15:57:53.051784,BTCUSDT,STRONG_BUY,2,3,3,1,9,48.97544016196797,84135.82,1.405,1991028232.3804169,"Trend: ADX=16.5 moderate, DI+>DI-; Trend: MACD hist positive; Trend: Momentum(246.68) & AO(214.0402) bullish; Osc: RSI=49.0 in healthy zone; Osc: StochK=44.9 neutral"
2025-11-22T15:57:53.052969,SOLUSDT,STRONG_BUY,2,4,1,3,10,52.00389780328988,126.8,1.294,463515065.32828,Trend: Price>EMA20; Trend: MACD hist positive; Trend: Momentum(1.10) & AO(0.4220) bullish; Osc: RSI=52.0 in healthy zone; Osc: StochK=63.1 bullish
2025-11-22T15:57:53.052969,XRPUSDT,STRONG_BUY,4,4,2,1,11,53.68526007734533,1.9247,0.791,294073907.14296,"Trend: ADX=24.4 strong, DI+>DI-; Trend: Price>EMA20; Trend: MACD hist positive; Osc: RSI=53.7 in healthy zone; Osc: StochK=71.0 bullish"
2025-11-22T15:57:53.058966,DASHUSDT,STRONG_BUY,3,5,2,0,10,62.137889797143075,56.95,-12.114,46062334.92661,"Trend: ADX=18.4 moderate, DI+>DI-; Trend: Price>EMA20; Trend: MACD hist positive; Osc: RSI=62.1 in healthy zone; Osc: StochK=79.6 bullish"
2025-11-22T15:57:53.061199,WIFUSDT,STRONG_BUY,2,4,3,1,10,48.76711009427289,0.323,-2.417,42274049.65722,"Trend: ADX=19.3 moderate, DI+>DI-; Trend: Momentum(0.00) & AO(0.0031) bullish; Osc: RSI=48.8 in healthy zone; Osc: StochK=50.0 neutral; Osc: StochRSI=25.8 rising"
2025-11-22T15:57:53.062749,2ZUSDT,STRONG_BUY,2,3,3,0,8,48.884650799969634,0.13571,10.351,39989958.52085,"Trend: ADX=17.1 moderate, DI+>DI-; Trend: MACD hist positive; Trend: Momentum(0.01) & AO(0.0030) bullish; Osc: RSI=48.9 in healthy zone; Osc: StochK=29.8 neutral"
2025-11-22T15:57:53.064865,ZENUSDT,ULTRA_BUY,4,4,2,2,12,63.779154045608195,12.669,-1.132,30321972.04268,"Trend: ADX=18.8 moderate, DI+>DI-; Trend: Price>EMA20>EMA50 alignment; Trend: MACD hist positive & rising; Osc: RSI=63.8 in healthy zone; Osc: CCI=143.7 strong bullish"
2025-11-22T15:57:53.066875,AAVEUSDT,STRONG_BUY,3,4,3,1,11,50.9011278231975,157.38,3.295,24451596.50863,"Trend: ADX=18.8 moderate, DI+>DI-; Trend: Price>EMA20; Trend: MACD hist positive; Osc: RSI=50.9 in healthy zone; Osc: StochK=58.3 bullish"
2025-11-22T15:57:53.067874,CAKEUSDT,STRONG_BUY,3,4,2,1,10,65.21534424676864,2.18,8.242,20865758.77802,"Trend: ADX=17.0 moderate, DI+>DI-; Trend: Price>EMA20>EMA50 alignment; Trend: MACD hist positive; Osc: StochK=76.5 bullish; Osc: CCI=78.9 positive"
2025-11-22T15:57:53.069130,ZKCUSDT,STRONG_BUY,2,3,3,0,8,51.59063564366357,0.1491,1.984,19102927.43448,Trend: Price>EMA20; Trend: MACD hist positive; Trend: Momentum(0.00) & AO(0.0029) bullish; Osc: RSI=51.6 in healthy zone; Osc: StochK=48.5 neutral
2025-11-22T15:57:53.071136,0GUSDT,STRONG_BUY,5,4,2,2,13,66.86624201404109,1.327,6.93,16940909.30219,"Trend: ADX=22.5 strong, DI+>DI-; Trend: Price>EMA20>EMA50 alignment; Trend: MACD hist positive; Osc: StochK=76.8 bullish; Osc: CCI=104.8 strong bullish"
2025-11-22T15:57:53.073135,WBTCUSDT,STRONG_BUY,2,3,3,1,9,48.653233596706194,83986.54,1.565,16923643.9301336,"Trend: ADX=16.0 moderate, DI+>DI-; Trend: MACD hist positive; Trend: Momentum(240.37) & AO(204.3438) bullish; Osc: RSI=48.7 in healthy zone; Osc: StochK=43.8 neutral"
2025-11-22T15:59:02.667165,ETHUSDT,STRONG_BUY,2,4,3,2,11,50.775546153852964,2735.42,1.07,1239936587.841725,Trend: Price>EMA20; Trend: MACD hist positive; Trend: Momentum(17.18) & AO(8.4954) bullish; Osc: RSI=50.8 in healthy zone; Osc: StochK=56.2 bullish
2025-11-22T15:59:02.667165,BNBUSDT,STRONG_BUY,2,3,3,2,10,49.523719404029265,822.57,1.078,205423859.38808,Trend: Price>EMA20; Trend: MACD hist positive; Trend: Momentum(4.96) & AO(0.6665) bullish; Osc: RSI=49.5 in healthy zone; Osc: StochK=53.7 bullish
2025-11-22T15:59:02.672717,DOGEUSDT,STRONG_BUY,2,4,3,1,10,50.37165374988314,0.13789,-0.072,196449831.63446,Trend: Price>EMA20; Trend: MACD hist positive; Trend: Momentum(0.00) & AO(0.0008) bullish; Osc: RSI=50.4 in healthy zone; Osc: StochK=58.1 bullish
2025-11-22T15:59:02.674905,LINKUSDT,STRONG_BUY,2,4,3,3,12,50.14199791042405,11.91,0.084,59267580.5376,Trend: Price>EMA20; Trend: MACD hist positive; Trend: Momentum(0.10) & AO(0.0460) bullish; Osc: RSI=50.1 in healthy zone; Osc: StochK=63.0 bullish
2025-11-22T15:59:02.677906,EURUSDT,STRONG_BUY,3,3,3,3,12,49.426018642891094,1.1507,-0.043,14398930.90699,"Trend: ADX=24.7 strong, DI+>DI-; Trend: Price>EMA20; Trend: MACD hist positive; Osc: RSI=49.4 in healthy zone; Osc: StochK=66.7 bullish"
2025-11-22T15:59:02.678906,SUPERUSDT,STRONG_BUY,4,4,2,0,10,53.05994387699142,0.1966,1.184,12488893.4235,"Trend: ADX=20.0 strong, DI+>DI-; Trend: Price>EMA20; Trend: MACD hist positive; Osc: RSI=53.1 in healthy zone; Osc: CCI=40.3 positive"
2025-11-22T15:59:02.680912,POLUSDT,STRONG_BUY,2,5,3,1,11,51.738477613425076,0.1318,-0.152,10112280.30708,Trend: Price>EMA20; Trend: MACD hist positive; Trend: Momentum(0.00) & AO(0.0011) bullish; Osc: RSI=51.7 in healthy zone; Osc: StochK=62.5 bullish
2025-11-22T17:27:39.895802,BTCUSDT,STRONG_BUY,3,5,2,1,11,57.95744358315651,84700.53,-0.506,1697959414.037286,"Trend: ADX=14.2 moderate, DI+>DI-; Trend: Price>EMA20>EMA50 alignment; Trend: MACD histogram positive; Trend: Momentum 206.13 & AO 479.1107 both bullish; Osc: RSI=58.0 in 45-65 healthy range (sustainable trend)"
2025-11-22T17:27:39.896990,USDCUSDT,STRONG_BUY,2,4,3,1,10,51.30012400543059,1.0004,-0.03,1067211182.8891,Trend: Price reclaimed EMA20 support; Trend: MACD histogram positive & rising; Trend: One of Momentum/AO turning positive; Osc: RSI=51.3 in 45-65 healthy range (sustainable trend); Osc: CCI=55.6 above zero
2025-11-22T17:27:39.898079,SOLUSDT,STRONG_BUY,3,4,2,1,10,58.124370331725885,128.09,-1.203,411282841.8605,"Trend: ADX=18.5 moderate, DI+>DI-; Trend: Price>EMA20>EMA50 alignment; Trend: MACD histogram positive; Trend: Momentum 0.92 & AO 1.3396 both bullish; Osc: RSI=58.1 in 45-65 healthy range (sustainable trend)"
2025-11-22T17:27:39.899086,BNBUSDT,STRONG_BUY,3,4,2,1,10,56.84849064376586,829.19,-0.39,178461249.41257,"Trend: ADX=16.8 moderate, DI+>DI-; Trend: Price>EMA20>EMA50 alignment; Trend: MACD histogram positive; Trend: Momentum 4.79 & AO 5.8516 both bullish; Osc: RSI=56.8 in 45-65 healthy range (sustainable trend)"
2025-11-22T17:27:39.900684,DOGEUSDT,STRONG_BUY,3,4,2,1,10,58.48018069128202,0.13948,-2.263,172642962.92113,"Trend: ADX=15.1 moderate, DI+>DI-; Trend: Price>EMA20>EMA50 alignment; Trend: MACD histogram positive; Trend: Momentum 0.00 & AO 0.0014 both bullish; Osc: RSI=58.5 in 45-65 healthy range (sustainable trend)"
2025-11-22T17:27:39.903194,ASTERUSDT,STRONG_BUY,2,4,2,1,9,54.48239348008357,1.177,-4.542,128935463.04801,Trend: Price reclaimed EMA20 support; Trend: MACD histogram positive; Trend: Momentum 0.02 & AO 0.0028 both bullish; Osc: RSI=54.5 in 45-65 healthy range (sustainable trend); Osc: CCI=118.2 strong bullish momentum
2025-11-22T17:27:39.904198,USDEUSDT,ULTRA_BUY,3,3,4,2,12,58.94417692959058,0.9994,0.02,66290727.628,Trend: Price>EMA20>EMA50 alignment; Trend: MACD histogram positive; Trend: Momentum 0.00 & AO 0.0000 both bullish; Trend: 1h EMA stack confirms uptrend; Osc: RSI=58.9 in 45-65 healthy range (sustainable trend)
2025-11-22T17:27:39.905222,WLFIUSDT,STRONG_BUY,4,3,2,2,11,70.67892392456699,0.1523,8.863,56793021.80587,"Trend: ADX=16.2 moderate, DI+>DI-; Trend: Price>EMA20>EMA50 alignment; Trend: MACD histogram positive; Trend: Momentum 0.01 & AO 0.0062 both bullish; Osc: CCI=143.0 strong bullish momentum"
2025-11-22T17:27:39.907757,ADAUSDT,STRONG_BUY,4,4,2,1,11,56.78859171627483,0.4026,-2.988,56314671.0586,"Trend: ADX=22.5 strong, DI+>DI-; Trend: Price reclaimed EMA20 support; Trend: MACD histogram positive; Trend: Momentum 0.00 & AO 0.0029 both bullish; Osc: RSI=56.8 in 45-65 healthy range (sustainable trend)"
2025-11-22T17:27:39.910339,LINKUSDT,STRONG_BUY,3,4,2,1,10,58.534155674284094,12.05,-1.873,52229067.567,"Trend: ADX=14.2 moderate, DI+>DI-; Trend: Price>EMA20>EMA50 alignment; Trend: MACD histogram positive; Trend: Momentum 0.08 & AO 0.1311 both bullish; Osc: RSI=58.5 in 45-65 healthy range (sustainable trend)"
2025-11-22T17:27:39.911354,LTCUSDT,STRONG_BUY,3,4,2,1,10,54.18875524844153,82.3,-1.93,41517484.35654,Trend: Price reclaimed EMA20 support; Trend: MACD histogram positive & rising; Trend: Momentum 0.34 & AO 0.1287 both bullish; Osc: RSI=54.2 in 45-65 healthy range (sustainable trend); Osc: CCI=123.7 strong bullish momentum
2025-11-22T17:27:39.913167,WIFUSDT,STRONG_BUY,3,5,2,1,11,56.425015343535904,0.328,-3.529,38728435.47696,"Trend: ADX=15.6 moderate, DI+>DI-; Trend: Price>EMA20>EMA50 alignment; Trend: MACD histogram positive; Trend: Momentum 0.00 & AO 0.0040 both bullish; Osc: RSI=56.4 in 45-65 healthy range (sustainable trend)"
2025-11-22T17:27:39.915172,KITEUSDT,ULTRA_BUY,4,5,3,0,12,50.358633029564906,0.1021,1.795,32730425.3763,"Trend: ADX=17.3 moderate, DI+>DI-; Trend: Price reclaimed EMA20 support; Trend: MACD histogram positive & rising; Trend: One of Momentum/AO turning positive; Osc: RSI=50.4 in 45-65 healthy range (sustainable trend)"
2025-11-22T17:27:39.916257,ICPUSDT,STRONG_BUY,3,5,3,3,14,49.76813298851649,4.115,-6.837,28217273.38283,"Trend: ADX=19.2 moderate, DI+>DI-; Trend: Price reclaimed EMA20 support; Trend: MACD histogram positive & rising; Osc: RSI=49.8 in 45-65 healthy range (sustainable trend); Osc: StochK=50.9 above 50 (bullish range)"
2025-11-22T17:27:39.918322,TAOUSDT,STRONG_BUY,4,4,2,1,11,56.36122193566238,271.9,-4.294,28199692.31471,"Trend: ADX=17.3 moderate, DI+>DI-; Trend: Price reclaimed EMA20 support; Trend: MACD histogram positive & rising; Trend: Momentum 1.40 & AO 1.6906 both bullish; Osc: RSI=56.4 in 45-65 healthy range (sustainable trend)"
2025-11-22T17:27:39.920319,HBARUSDT,STRONG_BUY,3,4,2,1,10,60.98239401679954,0.13046,-1.932,27087939.03375,"Trend: ADX=17.0 moderate, DI+>DI-; Trend: Price>EMA20>EMA50 alignment; Trend: MACD histogram positive; Trend: Momentum 0.00 & AO 0.0016 both bullish; Osc: RSI=61.0 in 45-65 healthy range (sustainable trend)"
2025-11-22T17:27:39.921754,WLDUSDT,STRONG_BUY,2,5,2,1,10,57.5745399716161,0.603,-2.269,26573147.6383,Trend: Price>EMA20>EMA50 alignment; Trend: MACD histogram positive; Trend: Momentum 0.00 & AO 0.0079 both bullish; Trend: 1h price above EMA20 (watching for alignment); Osc: RSI=57.6 in 45-65 healthy range (sustainable trend)
2025-11-22T17:27:39.924292,PAXGUSDT,STRONG_BUY,2,5,1,2,10,51.06129878921582,4060.23,-0.548,25198771.503319,"Trend: ADX=16.1 moderate, DI+>DI-; Trend: Price reclaimed EMA20 support; Trend: MACD histogram positive; Trend: One of Momentum/AO turning positive; Osc: RSI=51.1 in 45-65 healthy range (sustainable trend)"
2025-11-22T17:27:39.926300,AAVEUSDT,STRONG_BUY,3,4,2,1,10,57.62972559802217,158.96,0.455,21317603.50698,"Trend: ADX=16.3 moderate, DI+>DI-; Trend: Price>EMA20>EMA50 alignment; Trend: MACD histogram positive; Trend: Momentum 0.78 & AO 1.5569 both bullish; Osc: RSI=57.6 in 45-65 healthy range (sustainable trend)"
2025-11-22T17:27:39.928153,ALLOUSDT,STRONG_BUY,3,5,2,0,10,55.369995963307936,0.1644,-9.471,21139282.10516,Trend: Price reclaimed EMA20 support; Trend: MACD histogram positive & rising; Trend: Momentum 0.00 & AO 0.0010 both bullish; Osc: RSI=55.4 in 45-65 healthy range (sustainable trend); Osc: StochK=64.8 above 50 (bullish range)
2025-11-22T17:27:39.930128,CAKEUSDT,STRONG_BUY,4,4,2,1,11,63.39622560431975,2.193,5.84,20559250.71309,"Trend: ADX=21.9 strong, DI+>DI-; Trend: Price>EMA20>EMA50 alignment; Trend: Momentum 0.01 & AO 0.0870 both bullish; Trend: 1h price above EMA20 (watching for alignment); Osc: RSI=63.4 in 45-65 healthy range (sustainable trend)"
2025-11-22T17:27:39.931654,0GUSDT,STRONG_BUY,5,2,2,0,9,65.88111297688656,1.342,12.114,18685522.72713,"Trend: ADX=32.3 strong, DI+>DI-; Trend: Price>EMA20>EMA50 alignment; Trend: MACD histogram positive; Trend: Momentum 0.02 & AO 0.0816 both bullish; Osc: StochK=43.2 mid-range consolidation"
2025-11-22T17:27:39.933157,VIRTUALUSDT,STRONG_BUY,4,4,2,1,11,56.3564974887313,0.8856,-4.651,15885690.60202,"Trend: ADX=18.8 moderate, DI+>DI-; Trend: Price reclaimed EMA20 support; Trend: MACD histogram positive & rising; Trend: Momentum 0.01 & AO 0.0021 both bullish; Osc: RSI=56.4 in 45-65 healthy range (sustainable trend)"
2025-11-22T17:28:49.035594,AVAXUSDT,STRONG_BUY,2,4,2,1,9,53.27982759130715,13.25,-0.898,48367317.2526,Trend: Price reclaimed EMA20 support; Trend: MACD histogram positive; Trend: Momentum 0.01 & AO 0.0240 both bullish; Osc: RSI=53.3 in 45-65 healthy range (sustainable trend); Osc: CCI=70.8 above zero
2025-11-22T17:28:49.035594,TRUMPUSDT,STRONG_BUY,2,5,1,2,10,52.679812994495755,6.292,-0.459,18995052.441655,Trend: Price reclaimed EMA20 support; Trend: MACD histogram positive; Trend: Momentum 0.00 & AO 0.0062 both bullish; Osc: RSI=52.7 in 45-65 healthy range (sustainable trend); Osc: StochK=79.5 above 50 (bullish range)
2025-11-22T17:28:49.043089,ARBUSDT,STRONG_BUY,4,4,1,1,10,55.268924585601226,0.1997,-4.221,18536940.95054,"Trend: ADX=21.7 strong, DI+>DI-; Trend: Price reclaimed EMA20 support; Trend: MACD histogram positive; Trend: Momentum 0.00 & AO 0.0011 both bullish; Osc: RSI=55.3 in 45-65 healthy range (sustainable trend)"
2025-11-22T17:28:49.043089,EURUSDT,STRONG_BUY,5,3,2,1,11,74.80535758734064,1.1517,0.07,13230921.83841,"Trend: ADX=28.4 strong, DI+>DI-; Trend: Price reclaimed EMA20 support; Trend: MACD histogram positive & rising; Trend: Momentum 0.00 & AO 0.0006 both bullish; Osc: CCI=198.0 strong bullish momentum"
2025-11-22T17:28:49.047186,SUPERUSDT,ULTRA_BUY,3,5,2,2,12,55.59052868088784,0.2006,-1.955,12569199.8953,"Trend: ADX=15.7 moderate, DI+>DI-; Trend: Price>EMA20>EMA50 alignment; Trend: MACD histogram positive; Trend: Momentum 0.00 & AO 0.0082 both bullish; Osc: RSI=55.6 in 45-65 healthy range (sustainable trend)"
2025-11-22T17:28:49.048988,SEIUSDT,STRONG_BUY,3,4,4,2,13,53.65949896448236,0.1313,-3.385,12298443.87654,"Trend: ADX=18.8 moderate, DI+>DI-; Trend: Price reclaimed EMA20 support; Trend: MACD histogram positive; Trend: Momentum 0.00 & AO 0.0002 both bullish; Osc: RSI=53.7 in 45-65 healthy range (sustainable trend)"
2025-11-22T17:28:49.051455,ETCUSDT,STRONG_BUY,2,4,2,1,9,53.78088012585538,13.49,-0.443,10178587.1892,Trend: Price>EMA20>EMA50 alignment; Trend: MACD histogram positive; Trend: Momentum 0.04 & AO 0.0775 both bullish; Trend: 1h price above EMA20 (watching for alignment); Osc: RSI=53.8 in 45-65 healthy range (sustainable trend)
2025-11-22T17:28:49.053209,TONUSDT,STRONG_BUY,2,5,1,1,9,52.34093055172017,1.514,-1.368,9867963.98751,Trend: Price>EMA20>EMA50 alignment; Trend: MACD histogram positive; Trend: Momentum 0.00 & AO 0.0037 both bullish; Osc: RSI=52.3 in 45-65 healthy range (sustainable trend); Osc: StochK=63.2 above 50 (bullish range)
2025-11-22T17:28:49.055236,ETHFIUSDT,STRONG_BUY,3,5,3,1,12,51.08775387720239,0.688,-6.522,9771807.0245,"Trend: ADX=16.3 moderate, DI+>DI-; Trend: Price reclaimed EMA20 support; Trend: MACD histogram positive & rising; Trend: One of Momentum/AO turning positive; Osc: RSI=51.1 in 45-65 healthy range (sustainable trend)"
2025-11-22T17:28:49.056263,MOVEUSDT,STRONG_BUY,4,1,1,2,8,52.05819318374628,0.0512,4.065,9552609.95338,"Trend: ADX=22.6 strong, DI+>DI-; Trend: Price>EMA20>EMA50 alignment; Trend: One of Momentum/AO turning positive; Trend: 1h EMA stack confirms uptrend; Osc: RSI=52.1 in 45-65 healthy range (sustainable trend)"
2025-11-22T17:28:49.058553,POLUSDT,STRONG_BUY,3,4,2,1,10,56.420373475100426,0.1328,-1.92,9322379.67975,"Trend: ADX=17.5 moderate, DI+>DI-; Trend: Price>EMA20>EMA50 alignment; Trend: MACD histogram positive; Trend: One of Momentum/AO turning positive; Osc: RSI=56.4 in 45-65 healthy range (sustainable trend)"
2025-11-22T17:28:49.060061,XLMUSDT,STRONG_BUY,2,4,1,1,8,55.637611739620375,0.2301,-1.96,9243285.7006,Trend: Price reclaimed EMA20 support; Trend: MACD histogram positive; Trend: Momentum 0.00 & AO 0.0008 both bullish; Trend: 1h price above EMA20 (watching for alignment); Osc: RSI=55.6 in 45-65 healthy range (sustainable trend)
2025-11-22T17:28:49.061068,FFUSDT,STRONG_BUY,2,4,2,1,9,56.35269459858878,0.12766,-0.669,8798567.267568,Trend: Price>EMA20>EMA50 alignment; Trend: MACD histogram positive; Trend: Momentum 0.00 & AO 0.0018 both bullish; Trend: 1h price above EMA20 (watching for alignment); Osc: RSI=56.4 in 45-65 healthy range (sustainable trend)
2025-11-22T17:28:49.063150,ERAUSDT,STRONG_BUY,4,4,3,2,13,66.58306749887169,0.2673,2.062,8300939.37372,Trend: Price>EMA20>EMA50 alignment; Trend: MACD histogram positive & rising; Trend: Momentum 0.01 & AO 0.0094 both bullish; Trend: 1h EMA stack confirms uptrend; Osc: StochK=75.5 above 50 (bullish range)
2025-11-22T17:28:49.065160,LDOUSDT,STRONG_BUY,3,4,2,1,10,61.35814155199311,0.6224,-0.734,8128492.652557,Trend: Price>EMA20>EMA50 alignment; Trend: MACD histogram positive & rising; Trend: Momentum 0.00 & AO 0.0063 both bullish; Trend: 1h price above EMA20 (watching for alignment); Osc: RSI=61.4 in 45-65 healthy range (sustainable trend)
2025-11-22T17:28:49.067164,MIRAUSDT,ULTRA_BUY,4,3,3,2,12,57.36053277232431,0.1806,4.273,8043253.63718,"Trend: ADX=15.8 moderate, DI+>DI-; Trend: Price>EMA20>EMA50 alignment; Trend: MACD histogram positive; Trend: Momentum 0.00 & AO 0.0079 both bullish; Osc: RSI=57.4 in 45-65 healthy range (sustainable trend)"
2025-11-22T17:28:49.068164,BATUSDT,STRONG_BUY,4,3,2,1,10,68.04914807189304,0.1945,10.011,7827532.4529,"Trend: ADX=15.0 moderate, DI+>DI-; Trend: Price>EMA20>EMA50 alignment; Trend: MACD histogram positive; Trend: Momentum 0.00 & AO 0.0059 both bullish; Osc: CCI=124.8 strong bullish momentum"
2025-11-22T17:28:49.071518,AVNTUSDT,STRONG_BUY,4,4,2,1,11,54.53812314135264,0.3935,-6.265,7752413.99078,"Trend: ADX=23.4 strong, DI+>DI-; Trend: Price reclaimed EMA20 support; Trend: MACD histogram positive; Trend: Momentum 0.00 & AO 0.0008 both bullish; Osc: RSI=54.5 in 45-65 healthy range (sustainable trend)"
2025-11-22T17:29:58.113254,INJUSDT,STRONG_BUY,2,5,2,1,10,58.940481595065485,5.47,-3.527,7457999.7981,Trend: Price>EMA20>EMA50 alignment; Trend: MACD histogram positive; Trend: Momentum 0.04 & AO 0.1228 both bullish; Trend: 1h price above EMA20 (watching for alignment); Osc: RSI=58.9 in 45-65 healthy range (sustainable trend)
2025-11-22T17:29:58.117769,RENDERUSDT,STRONG_BUY,2,5,1,1,9,53.130282503328004,1.677,-3.897,5630519.41047,Trend: Price reclaimed EMA20 support; Trend: MACD histogram positive; Trend: Momentum 0.00 & AO 0.0030 both bullish; Osc: RSI=53.1 in 45-65 healthy range (sustainable trend); Osc: StochK=65.2 above 50 (bullish range)
2025-11-22T17:29:58.123256,EIGENUSDT,STRONG_BUY,3,5,3,3,14,51.8845432336779,0.561,-5.872,5989628.86522,"Trend: ADX=26.1 strong, DI+>DI-; Trend: Price reclaimed EMA20 support; Trend: MACD histogram positive; Trend: One of Momentum/AO turning positive; Osc: RSI=51.9 in 45-65 healthy range (sustainable trend)"
2025-11-22T17:29:58.125269,SUSDT,STRONG_BUY,2,5,1,1,9,53.46848451606254,0.1043,-2.432,5779304.48576,Trend: Price reclaimed EMA20 support; Trend: MACD histogram positive & rising; Osc: RSI=53.5 in 45-65 healthy range (sustainable trend); Osc: StochK=60.0 above 50 (bullish range); Osc: CCI=43.7 above zero
2025-11-22T17:29:58.126932,ONDOUSDT,STRONG_BUY,2,5,1,1,9,52.420968716016226,0.4618,-3.51,7331982.90392,"Trend: ADX=16.0 moderate, DI+>DI-; Trend: Price reclaimed EMA20 support; Trend: MACD histogram positive; Trend: One of Momentum/AO turning positive; Osc: RSI=52.4 in 45-65 healthy range (sustainable trend)"
2025-11-22T17:29:58.126932,SYRUPUSDT,STRONG_BUY,2,4,2,1,9,55.13285948826621,0.2965,4.108,7444427.90136,"Trend: ADX=18.7 moderate, DI+>DI-; Trend: Price>EMA20>EMA50 alignment; Trend: One of Momentum/AO turning positive; Trend: 1h price above EMA20 (watching for alignment); Osc: RSI=55.1 in 45-65 healthy range (sustainable trend)"
2025-11-22T17:29:58.126932,TREEUSDT,STRONG_BUY,2,5,2,1,10,53.77366318289315,0.1406,-3.962,5913515.12723,Trend: Price reclaimed EMA20 support; Trend: MACD histogram positive; Trend: Momentum 0.00 & AO 0.0010 both bullish; Osc: RSI=53.8 in 45-65 healthy range (sustainable trend); Osc: StochK=64.3 above 50 (bullish range)
2025-11-22T17:29:58.126932,MITOUSDT,STRONG_BUY,2,5,4,4,15,57.652133176651446,0.08544,-0.767,6936131.540083,Trend: Price reclaimed EMA20 support; Trend: MACD histogram positive; Trend: One of Momentum/AO turning positive; Trend: 1h EMA stack confirms uptrend; Osc: RSI=57.7 in 45-65 healthy range (sustainable trend)
2025-11-22T17:29:58.133276,SKYUSDT,STRONG_BUY,3,5,2,0,10,49.13770755051616,0.04197,-11.118,5560207.49628,"Trend: ADX=44.6 strong, DI+>DI-; Trend: Price reclaimed EMA20 support; Trend: MACD histogram positive; Trend: One of Momentum/AO turning positive; Osc: RSI=49.1 in 45-65 healthy range (sustainable trend)"
2025-11-22T17:31:08.143097,FETUSDT,STRONG_BUY,2,4,3,1,10,48.43664796286437,0.2707,-6.332,26652678.8252,Trend: MACD histogram positive & rising; Trend: One of Momentum/AO turning positive; Osc: RSI=48.4 in 45-65 healthy range (sustainable trend); Osc: StochK=50.0 mid-range consolidation; Osc: CCI=28.6 above zero
2025-11-22T17:31:08.903126,DASHUSDT,STRONG_BUY,2,4,2,0,8,69.1114378268884,58.27,-11.052,45096170.69959,Trend: Price>EMA20>EMA50 alignment; Trend: MACD histogram positive; Trend: Momentum 1.82 & AO 1.8704 both bullish; Trend: 1h price above EMA20 (watching for alignment); Osc: StochK=79.1 above 50 (bullish range)
2025-11-22T17:31:09.625090,FILUSDT,STRONG_BUY,2,5,2,1,10,50.10205385994899,1.613,-4.386,18646216.93888,Trend: Price reclaimed EMA20 support; Trend: MACD histogram positive & rising; Trend: One of Momentum/AO turning positive; Osc: RSI=50.1 in 45-65 healthy range (sustainable trend); Osc: StochK=54.5 above 50 (bullish range)
2025-11-22T17:31:10.384590,FDUSDUSDT,STRONG_BUY,2,4,3,1,10,51.873929187283416,0.9968,-0.02,175389226.4137,Trend: Price reclaimed EMA20 support; Trend: MACD histogram positive & rising; Osc: RSI=51.9 in 45-65 healthy range (sustainable trend); Osc: CCI=51.3 above zero; Osc: StochRSI=99.8 staying strong above 80
2025-11-22T17:31:11.123160,BFUSDUSDT,STRONG_BUY,2,5,2,1,10,50.677831859702486,1.0,0.0,30570044.3237,Trend: Price reclaimed EMA20 support; Trend: MACD histogram positive & rising; Trend: One of Momentum/AO turning positive; Osc: RSI=50.7 in 45-65 healthy range (sustainable trend); Osc: StochK=50.0 above 50 (bullish range)
2025-11-22T17:31:11.833275,GIGGLEUSDT,STRONG_BUY,2,5,1,1,9,49.40911342531387,99.85,-7.469,25974463.41872,Trend: Price reclaimed EMA20 support; Trend: MACD histogram positive & rising; Trend: One of Momentum/AO turning positive; Osc: RSI=49.4 in 45-65 healthy range (sustainable trend); Osc: StochK=79.8 above 50 (bullish range)
2025-11-22T17:31:12.577520,SAPIENUSDT,STRONG_BUY,3,4,2,0,9,54.302852626184226,0.1277,-14.353,7208798.14324,"Trend: ADX=16.7 moderate, DI+>DI-; Trend: Price reclaimed EMA20 support; Trend: MACD histogram positive & rising; Trend: One of Momentum/AO turning positive; Osc: RSI=54.3 in 45-65 healthy range (sustainable trend)"
2025-11-22T17:32:19.942986,OPUSDT,STRONG_BUY,2,5,1,1,9,50.98481877627955,0.3004,-6.824,14841614.510475,Trend: Price reclaimed EMA20 support; Trend: MACD histogram positive & rising; Trend: One of Momentum/AO turning positive; Osc: RSI=51.0 in 45-65 healthy range (sustainable trend); Osc: StochK=50.0 above 50 (bullish range)
